pilot_index,image_id,image_path,true_label,true_class_id,predicted_label,predicted_class_id,confidence,correct,class_name
0,8795,/content/drive/MyDrive/visual_explanation_robustness/data/raw/CUB_200_2011/images/150.Sage_Thrasher/Sage_Thrasher_0057_155488.jpg,149,150,149,150,0.8623179197311401,1,150.Sage_Thrasher
1,1786,/content/drive/MyDrive/visual_explanation_robustness/data/raw/CUB_200_2011/images/032.Mangrove_Cuckoo/Mangrove_Cuckoo_0009_26354.jpg,31,32,31,32,0.8459853529930115,1,032.Mangrove_Cuckoo
2,9096,/content/drive/MyDrive/visual_explanation_robustness/data/raw/CUB_200_2011/images/155.Warbling_Vireo/Warbling_Vireo_0131_158522.jpg,154,155,154,155,0.8962827920913696,1,155.Warbling_Vireo
3,3749,/content/drive/MyDrive/visual_explanation_robustness/data/raw/CUB_200_2011/images/065.Slaty_backed_Gull/Slaty_Backed_Gull_0035_796026.jpg,64,65,64,65,0.2017121315002441,1,065.Slaty_backed_Gull
4,2538,/content/drive/MyDrive/visual_explanation_robustness/data/raw/CUB_200_2011/images/045.Northern_Fulmar/Northern_Fulmar_0045_43581.jpg,44,45,44,45,0.8757538795471191,1,045.Northern_Fulmar
5,9514,/content/drive/MyDrive/visual_explanation_robustness/data/raw/CUB_200_2011/images/162.Canada_Warbler/Canada_Warbler_0008_162416.jpg,161,162,161,162,0.8749979734420776,1,162.Canada_Warbler
6,9159,/content/drive/MyDrive/visual_explanation_robustness/data/raw/CUB_200_2011/images/156.White_eyed_Vireo/White_Eyed_Vireo_0088_159084.jpg,155,156,155,156,0.9316045641899108,1,156.White_eyed_Vireo
7,3057,/content/drive/MyDrive/visual_explanation_robustness/data/raw/CUB_200_2011/images/053.Western_Grebe/Western_Grebe_0103_36515.jpg,52,53,52,53,0.8321195244789124,1,053.Western_Grebe
8,1606,/content/drive/MyDrive/visual_explanation_robustness/data/raw/CUB_200_2011/images/029.American_Crow/American_Crow_0053_25203.jpg,28,29,28,29,0.9257912039756776,1,029.American_Crow
9,10725,/content/drive/MyDrive/visual_explanation_robustness/data/raw/CUB_200_2011/images/183.Northern_Waterthrush/Northern_Waterthrush_0046_176984.jpg,182,183,182,183,0.8550606966018677,1,183.Northern_Waterthrush
10,211,/content/drive/MyDrive/visual_explanation_robustness/data/raw/CUB_200_2011/images/004.Groove_billed_Ani/Groove_Billed_Ani_0101_1700.jpg,3,4,3,4,0.8255035877227783,1,004.Groove_billed_Ani
11,4725,/content/drive/MyDrive/visual_explanation_robustness/data/raw/CUB_200_2011/images/081.Pied_Kingfisher/Pied_Kingfisher_0004_72135.jpg,80,81,80,81,0.9210432767868042,1,081.Pied_Kingfisher
12,9761,/content/drive/MyDrive/visual_explanation_robustness/data/raw/CUB_200_2011/images/166.Golden_winged_Warbler/Golden_Winged_Warbler_0067_794846.jpg,165,166,165,166,0.7854016423225403,1,166.Golden_winged_Warbler
13,2040,/content/drive/MyDrive/visual_explanation_robustness/data/raw/CUB_200_2011/images/036.Northern_Flicker/Northern_Flicker_0129_29022.jpg,35,36,35,36,0.9338825941085817,1,036.Northern_Flicker
14,9013,/content/drive/MyDrive/visual_explanation_robustness/data/raw/CUB_200_2011/images/154.Red_eyed_Vireo/Red_Eyed_Vireo_0020_156875.jpg,153,154,153,154,0.5367343425750732,1,154.Red_eyed_Vireo
15,9397,/content/drive/MyDrive/visual_explanation_robustness/data/raw/CUB_200_2011/images/160.Black_throated_Blue_Warbler/Black_Throated_Blue_Warbler_0027_104004.jpg,159,160,159,160,0.7494507431983948,1,160.Black_throated_Blue_Warbler
16,11704,/content/drive/MyDrive/visual_explanation_robustness/data/raw/CUB_200_2011/images/199.Winter_Wren/Winter_Wren_0097_190139.jpg,198,199,198,199,0.9380323886871338,1,199.Winter_Wren
17,750,/content/drive/MyDrive/visual_explanation_robustness/data/raw/CUB_200_2011/images/014.Indigo_Bunting/Indigo_Bunting_0013_12949.jpg,13,14,13,14,0.926054298877716,1,014.Indigo_Bunting
18,7680,/content/drive/MyDrive/visual_explanation_robustness/data/raw/CUB_200_2011/images/131.Vesper_Sparrow/Vesper_Sparrow_0058_125661.jpg,130,131,130,131,0.9104449152946472,1,131.Vesper_Sparrow
19,9798,/content/drive/MyDrive/visual_explanation_robustness/data/raw/CUB_200_2011/images/167.Hooded_Warbler/Hooded_Warbler_0048_164622.jpg,166,167,166,167,0.5489923357963562,1,167.Hooded_Warbler
20,11578,/content/drive/MyDrive/visual_explanation_robustness/data/raw/CUB_200_2011/images/197.Marsh_Wren/Marsh_Wren_0042_188195.jpg,196,197,196,197,0.8687868714332581,1,197.Marsh_Wren
21,11631,/content/drive/MyDrive/visual_explanation_robustness/data/raw/CUB_200_2011/images/198.Rock_Wren/Rock_Wren_0037_189256.jpg,197,198,197,198,0.3804466724395752,1,198.Rock_Wren
22,6719,/content/drive/MyDrive/visual_explanation_robustness/data/raw/CUB_200_2011/images/115.Brewer_Sparrow/Brewer_Sparrow_0050_107460.jpg,114,115,114,115,0.9347684383392334,1,115.Brewer_Sparrow
23,8675,/content/drive/MyDrive/visual_explanation_robustness/data/raw/CUB_200_2011/images/148.Green_tailed_Towhee/Green_Tailed_Towhee_0085_154822.jpg,147,148,147,148,0.7140218615531921,1,148.Green_tailed_Towhee
24,1844,/content/drive/MyDrive/visual_explanation_robustness/data/raw/CUB_200_2011/images/033.Yellow_billed_Cuckoo/Yellow_Billed_Cuckoo_0073_26744.jpg,32,33,32,33,0.8057123422622681,1,033.Yellow_billed_Cuckoo
25,10916,/content/drive/MyDrive/visual_explanation_robustness/data/raw/CUB_200_2011/images/186.Cedar_Waxwing/Cedar_Waxwing_0058_178795.jpg,185,186,185,186,0.8642424941062927,1,186.Cedar_Waxwing
26,11780,/content/drive/MyDrive/visual_explanation_robustness/data/raw/CUB_200_2011/images/200.Common_Yellowthroat/Common_Yellowthroat_0040_190427.jpg,199,200,199,200,0.933423399925232,1,200.Common_Yellowthroat
27,5074,/content/drive/MyDrive/visual_explanation_robustness/data/raw/CUB_200_2011/images/087.Mallard/Mallard_0087_77499.jpg,86,87,86,87,0.9064978957176208,1,087.Mallard
28,2494,/content/drive/MyDrive/visual_explanation_robustness/data/raw/CUB_200_2011/images/044.Frigatebird/Frigatebird_0129_43183.jpg,43,44,43,44,0.7832543849945068,1,044.Frigatebird
29,8079,/content/drive/MyDrive/visual_explanation_robustness/data/raw/CUB_200_2011/images/138.Tree_Swallow/Tree_Swallow_0020_136587.jpg,137,138,137,138,0.6850607991218567,1,138.Tree_Swallow
30,11212,/content/drive/MyDrive/visual_explanation_robustness/data/raw/CUB_200_2011/images/191.Red_headed_Woodpecker/Red_Headed_Woodpecker_0044_183141.jpg,190,191,190,191,0.9581226110458374,1,191.Red_headed_Woodpecker
31,8155,/content/drive/MyDrive/visual_explanation_robustness/data/raw/CUB_200_2011/images/139.Scarlet_Tanager/Scarlet_Tanager_0109_137698.jpg,138,139,138,139,0.8887472748756409,1,139.Scarlet_Tanager
32,10496,/content/drive/MyDrive/visual_explanation_robustness/data/raw/CUB_200_2011/images/179.Tennessee_Warbler/Tennessee_Warbler_0088_175163.jpg,178,179,178,179,0.4074060618877411,1,179.Tennessee_Warbler
33,4220,/content/drive/MyDrive/visual_explanation_robustness/data/raw/CUB_200_2011/images/073.Blue_Jay/Blue_Jay_0068_61543.jpg,72,73,72,73,0.8525223135948181,1,073.Blue_Jay
34,107,/content/drive/MyDrive/visual_explanation_robustness/data/raw/CUB_200_2011/images/002.Laysan_Albatross/Laysan_Albatross_0004_930.jpg,1,2,1,2,0.9608885645866394,1,002.Laysan_Albatross
35,8081,/content/drive/MyDrive/visual_explanation_robustness/data/raw/CUB_200_2011/images/138.Tree_Swallow/Tree_Swallow_0113_136849.jpg,137,138,137,138,0.9286413788795472,1,138.Tree_Swallow
36,9817,/content/drive/MyDrive/visual_explanation_robustness/data/raw/CUB_200_2011/images/167.Hooded_Warbler/Hooded_Warbler_0019_164710.jpg,166,167,166,167,0.9380218982696532,1,167.Hooded_Warbler
37,1673,/content/drive/MyDrive/visual_explanation_robustness/data/raw/CUB_200_2011/images/030.Fish_Crow/Fish_Crow_0073_25977.jpg,29,30,29,30,0.4815727472305298,1,030.Fish_Crow
38,4987,/content/drive/MyDrive/visual_explanation_robustness/data/raw/CUB_200_2011/images/086.Pacific_Loon/Pacific_Loon_0062_75587.jpg,85,86,85,86,0.7349236011505127,1,086.Pacific_Loon
39,1507,/content/drive/MyDrive/visual_explanation_robustness/data/raw/CUB_200_2011/images/027.Shiny_Cowbird/Shiny_Cowbird_0015_796858.jpg,26,27,26,27,0.2433319985866546,1,027.Shiny_Cowbird
40,9306,/content/drive/MyDrive/visual_explanation_robustness/data/raw/CUB_200_2011/images/159.Black_and_white_Warbler/Black_And_White_Warbler_0089_160370.jpg,158,159,158,159,0.6278047561645508,1,159.Black_and_white_Warbler
41,2284,/content/drive/MyDrive/visual_explanation_robustness/data/raw/CUB_200_2011/images/040.Olive_sided_Flycatcher/Olive_Sided_Flycatcher_0021_796880.jpg,39,40,39,40,0.788949191570282,1,040.Olive_sided_Flycatcher
42,11470,/content/drive/MyDrive/visual_explanation_robustness/data/raw/CUB_200_2011/images/195.Carolina_Wren/Carolina_Wren_0036_186722.jpg,194,195,194,195,0.9524580836296082,1,195.Carolina_Wren
43,4461,/content/drive/MyDrive/visual_explanation_robustness/data/raw/CUB_200_2011/images/077.Tropical_Kingbird/Tropical_Kingbird_0075_69978.jpg,76,77,76,77,0.9432347416877748,1,077.Tropical_Kingbird
44,830,/content/drive/MyDrive/visual_explanation_robustness/data/raw/CUB_200_2011/images/015.Lazuli_Bunting/Lazuli_Bunting_0084_14815.jpg,14,15,14,15,0.8669200539588928,1,015.Lazuli_Bunting
45,1888,/content/drive/MyDrive/visual_explanation_robustness/data/raw/CUB_200_2011/images/034.Gray_crowned_Rosy_Finch/Gray_Crowned_Rosy_Finch_0067_797289.jpg,33,34,33,34,0.7174649834632874,1,034.Gray_crowned_Rosy_Finch
46,59,/content/drive/MyDrive/visual_explanation_robustness/data/raw/CUB_200_2011/images/001.Black_footed_Albatross/Black_Footed_Albatross_0058_796074.jpg,0,1,0,1,0.9198015928268432,1,001.Black_footed_Albatross
47,246,/content/drive/MyDrive/visual_explanation_robustness/data/raw/CUB_200_2011/images/005.Crested_Auklet/Crested_Auklet_0044_1825.jpg,4,5,4,5,0.917285978794098,1,005.Crested_Auklet
48,9934,/content/drive/MyDrive/visual_explanation_robustness/data/raw/CUB_200_2011/images/169.Magnolia_Warbler/Magnolia_Warbler_0079_165783.jpg,168,169,168,169,0.8600333333015442,1,169.Magnolia_Warbler
49,506,/content/drive/MyDrive/visual_explanation_robustness/data/raw/CUB_200_2011/images/010.Red_winged_Blackbird/Red_Winged_Blackbird_0109_4454.jpg,9,10,9,10,0.8988558053970337,1,010.Red_winged_Blackbird
50,1753,/content/drive/MyDrive/visual_explanation_robustness/data/raw/CUB_200_2011/images/031.Black_billed_Cuckoo/Black_Billed_Cuckoo_0046_795328.jpg,30,31,30,31,0.8354100584983826,1,031.Black_billed_Cuckoo
51,4408,/content/drive/MyDrive/visual_explanation_robustness/data/raw/CUB_200_2011/images/076.Dark_eyed_Junco/Dark_Eyed_Junco_0078_66866.jpg,75,76,75,76,0.5750393271446228,1,076.Dark_eyed_Junco
52,3133,/content/drive/MyDrive/visual_explanation_robustness/data/raw/CUB_200_2011/images/055.Evening_Grosbeak/Evening_Grosbeak_0141_37398.jpg,54,55,54,55,0.5018168687820435,1,055.Evening_Grosbeak
53,9830,/content/drive/MyDrive/visual_explanation_robustness/data/raw/CUB_200_2011/images/168.Kentucky_Warbler/Kentucky_Warbler_0063_795904.jpg,167,168,167,168,0.500138521194458,1,168.Kentucky_Warbler
54,4650,/content/drive/MyDrive/visual_explanation_robustness/data/raw/CUB_200_2011/images/080.Green_Kingfisher/Green_Kingfisher_0045_71064.jpg,79,80,79,80,0.2545168995857239,1,080.Green_Kingfisher
55,1295,/content/drive/MyDrive/visual_explanation_robustness/data/raw/CUB_200_2011/images/024.Red_faced_Cormorant/Red_Faced_Cormorant_0003_796270.jpg,23,24,23,24,0.7774744629859924,1,024.Red_faced_Cormorant
56,3550,/content/drive/MyDrive/visual_explanation_robustness/data/raw/CUB_200_2011/images/062.Herring_Gull/Herring_Gull_0070_46615.jpg,61,62,61,62,0.8512914180755615,1,062.Herring_Gull
57,430,/content/drive/MyDrive/visual_explanation_robustness/data/raw/CUB_200_2011/images/009.Brewer_Blackbird/Brewer_Blackbird_0106_2608.jpg,8,9,8,9,0.8980926275253296,1,009.Brewer_Blackbird
58,4874,/content/drive/MyDrive/visual_explanation_robustness/data/raw/CUB_200_2011/images/084.Red_legged_Kittiwake/Red_Legged_Kittiwake_0014_795432.jpg,83,84,83,84,0.8117092251777649,1,084.Red_legged_Kittiwake
59,1893,/content/drive/MyDrive/visual_explanation_robustness/data/raw/CUB_200_2011/images/034.Gray_crowned_Rosy_Finch/Gray_Crowned_Rosy_Finch_0053_797276.jpg,33,34,33,34,0.7866202592849731,1,034.Gray_crowned_Rosy_Finch
60,11672,/content/drive/MyDrive/visual_explanation_robustness/data/raw/CUB_200_2011/images/199.Winter_Wren/Winter_Wren_0013_189500.jpg,198,199,198,199,0.890600323677063,1,199.Winter_Wren
61,6227,/content/drive/MyDrive/visual_explanation_robustness/data/raw/CUB_200_2011/images/107.Common_Raven/Common_Raven_0092_102550.jpg,106,107,106,107,0.7453826665878296,1,107.Common_Raven
62,7809,/content/drive/MyDrive/visual_explanation_robustness/data/raw/CUB_200_2011/images/134.Cape_Glossy_Starling/Cape_Glossy_Starling_0074_129294.jpg,133,134,133,134,0.9398189783096312,1,134.Cape_Glossy_Starling
63,11395,/content/drive/MyDrive/visual_explanation_robustness/data/raw/CUB_200_2011/images/194.Cactus_Wren/Cactus_Wren_0120_185956.jpg,193,194,193,194,0.7912918329238892,1,194.Cactus_Wren
64,1902,/content/drive/MyDrive/visual_explanation_robustness/data/raw/CUB_200_2011/images/034.Gray_crowned_Rosy_Finch/Gray_Crowned_Rosy_Finch_0040_26985.jpg,33,34,33,34,0.8005887269973755,1,034.Gray_crowned_Rosy_Finch
65,908,/content/drive/MyDrive/visual_explanation_robustness/data/raw/CUB_200_2011/images/017.Cardinal/Cardinal_0078_17181.jpg,16,17,16,17,0.8290194869041443,1,017.Cardinal
66,10770,/content/drive/MyDrive/visual_explanation_robustness/data/raw/CUB_200_2011/images/183.Northern_Waterthrush/Northern_Waterthrush_0062_177364.jpg,182,183,182,183,0.901728332042694,1,183.Northern_Waterthrush
67,1075,/content/drive/MyDrive/visual_explanation_robustness/data/raw/CUB_200_2011/images/020.Yellow_breasted_Chat/Yellow_Breasted_Chat_0091_22111.jpg,19,20,19,20,0.6714845895767212,1,020.Yellow_breasted_Chat
68,5731,/content/drive/MyDrive/visual_explanation_robustness/data/raw/CUB_200_2011/images/098.Scott_Oriole/Scott_Oriole_0071_795848.jpg,97,98,97,98,0.9052397012710572,1,098.Scott_Oriole
69,9456,/content/drive/MyDrive/visual_explanation_robustness/data/raw/CUB_200_2011/images/161.Blue_winged_Warbler/Blue_Winged_Warbler_0056_162013.jpg,160,161,160,161,0.8572556972503662,1,161.Blue_winged_Warbler
70,8563,/content/drive/MyDrive/visual_explanation_robustness/data/raw/CUB_200_2011/images/146.Forsters_Tern/Forsters_Tern_0087_151226.jpg,145,146,145,146,0.7743011713027954,1,146.Forsters_Tern
71,8253,/content/drive/MyDrive/visual_explanation_robustness/data/raw/CUB_200_2011/images/141.Artic_Tern/Artic_Tern_0034_142022.jpg,140,141,140,141,0.92484849691391,1,141.Artic_Tern
72,6671,/content/drive/MyDrive/visual_explanation_robustness/data/raw/CUB_200_2011/images/114.Black_throated_Sparrow/Black_Throated_Sparrow_0039_107259.jpg,113,114,113,114,0.8061268329620361,1,114.Black_throated_Sparrow
73,7020,/content/drive/MyDrive/visual_explanation_robustness/data/raw/CUB_200_2011/images/120.Fox_Sparrow/Fox_Sparrow_0062_115056.jpg,119,120,119,120,0.9174880385398864,1,120.Fox_Sparrow
74,7722,/content/drive/MyDrive/visual_explanation_robustness/data/raw/CUB_200_2011/images/132.White_crowned_Sparrow/White_Crowned_Sparrow_0002_127774.jpg,131,132,131,132,0.6550840139389038,1,132.White_crowned_Sparrow
75,7340,/content/drive/MyDrive/visual_explanation_robustness/data/raw/CUB_200_2011/images/126.Nelson_Sharp_tailed_Sparrow/Nelson_Sharp_Tailed_Sparrow_0032_118036.jpg,125,126,125,126,0.8668280243873596,1,126.Nelson_Sharp_tailed_Sparrow
76,6413,/content/drive/MyDrive/visual_explanation_robustness/data/raw/CUB_200_2011/images/110.Geococcyx/Geococcyx_0134_104196.jpg,109,110,109,110,0.9035374522209167,1,110.Geococcyx
77,1695,/content/drive/MyDrive/visual_explanation_robustness/data/raw/CUB_200_2011/images/030.Fish_Crow/Fish_Crow_0002_26072.jpg,29,30,29,30,0.7019556760787964,1,030.Fish_Crow
78,10806,/content/drive/MyDrive/visual_explanation_robustness/data/raw/CUB_200_2011/images/184.Louisiana_Waterthrush/Louisiana_Waterthrush_0040_795251.jpg,183,184,183,184,0.9410090446472168,1,184.Louisiana_Waterthrush
79,11016,/content/drive/MyDrive/visual_explanation_robustness/data/raw/CUB_200_2011/images/188.Pileated_Woodpecker/Pileated_Woodpecker_0012_179976.jpg,187,188,187,188,0.9188680052757264,1,188.Pileated_Woodpecker
80,3768,/content/drive/MyDrive/visual_explanation_robustness/data/raw/CUB_200_2011/images/065.Slaty_backed_Gull/Slaty_Backed_Gull_0085_53158.jpg,64,65,64,65,0.7518985271453857,1,065.Slaty_backed_Gull
81,1947,/content/drive/MyDrive/visual_explanation_robustness/data/raw/CUB_200_2011/images/035.Purple_Finch/Purple_Finch_0098_27280.jpg,34,35,34,35,0.8878689408302307,1,035.Purple_Finch
82,11284,/content/drive/MyDrive/visual_explanation_robustness/data/raw/CUB_200_2011/images/192.Downy_Woodpecker/Downy_Woodpecker_0029_184046.jpg,191,192,191,192,0.9419869780540466,1,192.Downy_Woodpecker
83,4217,/content/drive/MyDrive/visual_explanation_robustness/data/raw/CUB_200_2011/images/073.Blue_Jay/Blue_Jay_0096_63330.jpg,72,73,72,73,0.913856327533722,1,073.Blue_Jay
84,7754,/content/drive/MyDrive/visual_explanation_robustness/data/raw/CUB_200_2011/images/133.White_throated_Sparrow/White_Throated_Sparrow_0030_129076.jpg,132,133,132,133,0.8500174283981323,1,133.White_throated_Sparrow
85,2195,/content/drive/MyDrive/visual_explanation_robustness/data/raw/CUB_200_2011/images/039.Least_Flycatcher/Least_Flycatcher_0023_30352.jpg,38,39,38,39,0.8040627837181091,1,039.Least_Flycatcher
86,4386,/content/drive/MyDrive/visual_explanation_robustness/data/raw/CUB_200_2011/images/076.Dark_eyed_Junco/Dark_Eyed_Junco_0044_68213.jpg,75,76,75,76,0.838521420955658,1,076.Dark_eyed_Junco
87,9905,/content/drive/MyDrive/visual_explanation_robustness/data/raw/CUB_200_2011/images/169.Magnolia_Warbler/Magnolia_Warbler_0026_165498.jpg,168,169,168,169,0.797703206539154,1,169.Magnolia_Warbler
88,7601,/content/drive/MyDrive/visual_explanation_robustness/data/raw/CUB_200_2011/images/130.Tree_Sparrow/Tree_Sparrow_0068_125230.jpg,129,130,129,130,0.2497168481349945,1,130.Tree_Sparrow
89,6646,/content/drive/MyDrive/visual_explanation_robustness/data/raw/CUB_200_2011/images/114.Black_throated_Sparrow/Black_Throated_Sparrow_0060_107177.jpg,113,114,113,114,0.7308478951454163,1,114.Black_throated_Sparrow
90,9280,/content/drive/MyDrive/visual_explanation_robustness/data/raw/CUB_200_2011/images/158.Bay_breasted_Warbler/Bay_Breasted_Warbler_0053_797157.jpg,157,158,157,158,0.8657199144363403,1,158.Bay_breasted_Warbler
91,11170,/content/drive/MyDrive/visual_explanation_robustness/data/raw/CUB_200_2011/images/190.Red_cockaded_Woodpecker/Red_Cockaded_Woodpecker_0034_794720.jpg,189,190,189,190,0.9071668386459352,1,190.Red_cockaded_Woodpecker
92,8796,/content/drive/MyDrive/visual_explanation_robustness/data/raw/CUB_200_2011/images/150.Sage_Thrasher/Sage_Thrasher_0084_155490.jpg,149,150,149,150,0.771507740020752,1,150.Sage_Thrasher
93,7851,/content/drive/MyDrive/visual_explanation_robustness/data/raw/CUB_200_2011/images/134.Cape_Glossy_Starling/Cape_Glossy_Starling_0087_129481.jpg,133,134,133,134,0.9345346093177797,1,134.Cape_Glossy_Starling
94,10367,/content/drive/MyDrive/visual_explanation_robustness/data/raw/CUB_200_2011/images/176.Prairie_Warbler/Prairie_Warbler_0014_172542.jpg,175,176,175,176,0.8018019199371338,1,176.Prairie_Warbler
95,8461,/content/drive/MyDrive/visual_explanation_robustness/data/raw/CUB_200_2011/images/144.Common_Tern/Common_Tern_0057_149749.jpg,143,144,143,144,0.4110588431358337,1,144.Common_Tern
96,2070,/content/drive/MyDrive/visual_explanation_robustness/data/raw/CUB_200_2011/images/037.Acadian_Flycatcher/Acadian_Flycatcher_0059_29102.jpg,36,37,36,37,0.8063957095146179,1,037.Acadian_Flycatcher
97,1853,/content/drive/MyDrive/visual_explanation_robustness/data/raw/CUB_200_2011/images/033.Yellow_billed_Cuckoo/Yellow_Billed_Cuckoo_0018_26535.jpg,32,33,32,33,0.7066302299499512,1,033.Yellow_billed_Cuckoo
98,10468,/content/drive/MyDrive/visual_explanation_robustness/data/raw/CUB_200_2011/images/178.Swainson_Warbler/Swainson_Warbler_0050_794861.jpg,177,178,177,178,0.5333501100540161,1,178.Swainson_Warbler
99,372,/content/drive/MyDrive/visual_explanation_robustness/data/raw/CUB_200_2011/images/007.Parakeet_Auklet/Parakeet_Auklet_0010_795995.jpg,6,7,6,7,0.8406970500946045,1,007.Parakeet_Auklet
100,5952,/content/drive/MyDrive/visual_explanation_robustness/data/raw/CUB_200_2011/images/102.Western_Wood_Pewee/Western_Wood_Pewee_0022_795058.jpg,101,102,101,102,0.7804339528083801,1,102.Western_Wood_Pewee
101,10312,/content/drive/MyDrive/visual_explanation_robustness/data/raw/CUB_200_2011/images/176.Prairie_Warbler/Prairie_Warbler_0037_172550.jpg,175,176,175,176,0.9333752393722534,1,176.Prairie_Warbler
102,458,/content/drive/MyDrive/visual_explanation_robustness/data/raw/CUB_200_2011/images/009.Brewer_Blackbird/Brewer_Blackbird_0127_2235.jpg,8,9,8,9,0.8988621830940247,1,009.Brewer_Blackbird
103,7777,/content/drive/MyDrive/visual_explanation_robustness/data/raw/CUB_200_2011/images/133.White_throated_Sparrow/White_Throated_Sparrow_0043_128818.jpg,132,133,132,133,0.8989370465278625,1,133.White_throated_Sparrow
104,8084,/content/drive/MyDrive/visual_explanation_robustness/data/raw/CUB_200_2011/images/138.Tree_Swallow/Tree_Swallow_0115_135832.jpg,137,138,137,138,0.6299673318862915,1,138.Tree_Swallow
105,1333,/content/drive/MyDrive/visual_explanation_robustness/data/raw/CUB_200_2011/images/024.Red_faced_Cormorant/Red_Faced_Cormorant_0047_796330.jpg,23,24,23,24,0.807080090045929,1,024.Red_faced_Cormorant
106,7219,/content/drive/MyDrive/visual_explanation_robustness/data/raw/CUB_200_2011/images/124.Le_Conte_Sparrow/Le_Conte_Sparrow_0023_795156.jpg,123,124,123,124,0.8402079939842224,1,124.Le_Conte_Sparrow
107,5479,/content/drive/MyDrive/visual_explanation_robustness/data/raw/CUB_200_2011/images/094.White_breasted_Nuthatch/White_Breasted_Nuthatch_0108_86308.jpg,93,94,93,94,0.9485742449760436,1,094.White_breasted_Nuthatch
108,7989,/content/drive/MyDrive/visual_explanation_robustness/data/raw/CUB_200_2011/images/137.Cliff_Swallow/Cliff_Swallow_0098_133130.jpg,136,137,136,137,0.5705404281616211,1,137.Cliff_Swallow
109,3172,/content/drive/MyDrive/visual_explanation_robustness/data/raw/CUB_200_2011/images/055.Evening_Grosbeak/Evening_Grosbeak_0031_37239.jpg,54,55,54,55,0.0718610361218452,1,055.Evening_Grosbeak
110,3285,/content/drive/MyDrive/visual_explanation_robustness/data/raw/CUB_200_2011/images/057.Rose_breasted_Grosbeak/Rose_Breasted_Grosbeak_0018_39731.jpg,56,57,56,57,0.9020464420318604,1,057.Rose_breasted_Grosbeak
111,10092,/content/drive/MyDrive/visual_explanation_robustness/data/raw/CUB_200_2011/images/172.Nashville_Warbler/Nashville_Warbler_0004_167146.jpg,171,172,171,172,0.4166315793991089,1,172.Nashville_Warbler
112,8122,/content/drive/MyDrive/visual_explanation_robustness/data/raw/CUB_200_2011/images/139.Scarlet_Tanager/Scarlet_Tanager_0050_137874.jpg,138,139,138,139,0.9440882205963136,1,139.Scarlet_Tanager
113,658,/content/drive/MyDrive/visual_explanation_robustness/data/raw/CUB_200_2011/images/012.Yellow_headed_Blackbird/Yellow_Headed_Blackbird_0012_8443.jpg,11,12,11,12,0.9653292894363404,1,012.Yellow_headed_Blackbird
114,11048,/content/drive/MyDrive/visual_explanation_robustness/data/raw/CUB_200_2011/images/188.Pileated_Woodpecker/Pileated_Woodpecker_0093_180205.jpg,187,188,187,188,0.8925377726554871,1,188.Pileated_Woodpecker
115,6693,/content/drive/MyDrive/visual_explanation_robustness/data/raw/CUB_200_2011/images/115.Brewer_Sparrow/Brewer_Sparrow_0070_796717.jpg,114,115,114,115,0.5576357245445251,1,115.Brewer_Sparrow
116,5893,/content/drive/MyDrive/visual_explanation_robustness/data/raw/CUB_200_2011/images/101.White_Pelican/White_Pelican_0016_96659.jpg,100,101,100,101,0.8223528861999512,1,101.White_Pelican
117,5677,/content/drive/MyDrive/visual_explanation_robustness/data/raw/CUB_200_2011/images/097.Orchard_Oriole/Orchard_Oriole_0030_91612.jpg,96,97,96,97,0.7338869571685791,1,097.Orchard_Oriole
118,2874,/content/drive/MyDrive/visual_explanation_robustness/data/raw/CUB_200_2011/images/050.Eared_Grebe/Eared_Grebe_0080_34223.jpg,49,50,49,50,0.9176648259162904,1,050.Eared_Grebe
119,983,/content/drive/MyDrive/visual_explanation_robustness/data/raw/CUB_200_2011/images/018.Spotted_Catbird/Spotted_Catbird_0014_19425.jpg,17,18,17,18,0.5134301781654358,1,018.Spotted_Catbird
120,5238,/content/drive/MyDrive/visual_explanation_robustness/data/raw/CUB_200_2011/images/090.Red_breasted_Merganser/Red_Breasted_Merganser_0024_79483.jpg,89,90,89,90,0.93725848197937,1,090.Red_breasted_Merganser
121,4258,/content/drive/MyDrive/visual_explanation_robustness/data/raw/CUB_200_2011/images/074.Florida_Jay/Florida_Jay_0105_64522.jpg,73,74,73,74,0.758554995059967,1,074.Florida_Jay
122,7762,/content/drive/MyDrive/visual_explanation_robustness/data/raw/CUB_200_2011/images/133.White_throated_Sparrow/White_Throated_Sparrow_0014_129148.jpg,132,133,132,133,0.9296144247055054,1,133.White_throated_Sparrow
123,3667,/content/drive/MyDrive/visual_explanation_robustness/data/raw/CUB_200_2011/images/064.Ring_billed_Gull/Ring_Billed_Gull_0013_50180.jpg,63,64,63,64,0.5152711868286133,1,064.Ring_billed_Gull
124,5510,/content/drive/MyDrive/visual_explanation_robustness/data/raw/CUB_200_2011/images/095.Baltimore_Oriole/Baltimore_Oriole_0108_87576.jpg,94,95,94,95,0.8970062732696533,1,095.Baltimore_Oriole
125,5403,/content/drive/MyDrive/visual_explanation_robustness/data/raw/CUB_200_2011/images/093.Clark_Nutcracker/Clark_Nutcracker_0018_85166.jpg,92,93,92,93,0.6401946544647217,1,093.Clark_Nutcracker
126,10007,/content/drive/MyDrive/visual_explanation_robustness/data/raw/CUB_200_2011/images/170.Mourning_Warbler/Mourning_Warbler_0054_795387.jpg,169,170,169,170,0.9032126069068908,1,170.Mourning_Warbler
127,4883,/content/drive/MyDrive/visual_explanation_robustness/data/raw/CUB_200_2011/images/084.Red_legged_Kittiwake/Red_Legged_Kittiwake_0047_795445.jpg,83,84,83,84,0.3655180931091308,1,084.Red_legged_Kittiwake
128,3064,/content/drive/MyDrive/visual_explanation_robustness/data/raw/CUB_200_2011/images/053.Western_Grebe/Western_Grebe_0042_36035.jpg,52,53,52,53,0.9148144721984864,1,053.Western_Grebe
129,7947,/content/drive/MyDrive/visual_explanation_robustness/data/raw/CUB_200_2011/images/136.Barn_Swallow/Barn_Swallow_0083_132949.jpg,135,136,135,136,0.9306612014770508,1,136.Barn_Swallow
130,764,/content/drive/MyDrive/visual_explanation_robustness/data/raw/CUB_200_2011/images/014.Indigo_Bunting/Indigo_Bunting_0029_13761.jpg,13,14,13,14,0.8923144340515137,1,014.Indigo_Bunting
131,2765,/content/drive/MyDrive/visual_explanation_robustness/data/raw/CUB_200_2011/images/048.European_Goldfinch/European_Goldfinch_0084_33147.jpg,47,48,47,48,0.8935133218765259,1,048.European_Goldfinch
132,11142,/content/drive/MyDrive/visual_explanation_robustness/data/raw/CUB_200_2011/images/190.Red_cockaded_Woodpecker/Red_Cockaded_Woodpecker_0048_182599.jpg,189,190,189,190,0.893549919128418,1,190.Red_cockaded_Woodpecker
133,6497,/content/drive/MyDrive/visual_explanation_robustness/data/raw/CUB_200_2011/images/111.Loggerhead_Shrike/Loggerhead_Shrike_0017_104864.jpg,110,111,110,111,0.6337832808494568,1,111.Loggerhead_Shrike
134,3377,/content/drive/MyDrive/visual_explanation_robustness/data/raw/CUB_200_2011/images/059.California_Gull/California_Gull_0034_41548.jpg,58,59,58,59,0.3797681033611297,1,059.California_Gull
135,1388,/content/drive/MyDrive/visual_explanation_robustness/data/raw/CUB_200_2011/images/025.Pelagic_Cormorant/Pelagic_Cormorant_0082_23844.jpg,24,25,24,25,0.4166075587272644,1,025.Pelagic_Cormorant
136,4630,/content/drive/MyDrive/visual_explanation_robustness/data/raw/CUB_200_2011/images/080.Green_Kingfisher/Green_Kingfisher_0028_70981.jpg,79,80,79,80,0.8768630623817444,1,080.Green_Kingfisher
137,585,/content/drive/MyDrive/visual_explanation_robustness/data/raw/CUB_200_2011/images/011.Rusty_Blackbird/Rusty_Blackbird_0092_2727.jpg,10,11,10,11,0.3974185287952423,1,011.Rusty_Blackbird
138,420,/content/drive/MyDrive/visual_explanation_robustness/data/raw/CUB_200_2011/images/008.Rhinoceros_Auklet/Rhinoceros_Auklet_0035_2166.jpg,7,8,7,8,0.5143962502479553,1,008.Rhinoceros_Auklet
139,6327,/content/drive/MyDrive/visual_explanation_robustness/data/raw/CUB_200_2011/images/109.American_Redstart/American_Redstart_0103_102946.jpg,108,109,108,109,0.832251250743866,1,109.American_Redstart
140,1555,/content/drive/MyDrive/visual_explanation_robustness/data/raw/CUB_200_2011/images/028.Brown_Creeper/Brown_Creeper_0035_24941.jpg,27,28,27,28,0.9163091778755188,1,028.Brown_Creeper
141,4981,/content/drive/MyDrive/visual_explanation_robustness/data/raw/CUB_200_2011/images/086.Pacific_Loon/Pacific_Loon_0010_75818.jpg,85,86,85,86,0.7916460633277893,1,086.Pacific_Loon
142,11315,/content/drive/MyDrive/visual_explanation_robustness/data/raw/CUB_200_2011/images/193.Bewick_Wren/Bewick_Wren_0032_184870.jpg,192,193,192,193,0.8201194405555725,1,193.Bewick_Wren
143,2319,/content/drive/MyDrive/visual_explanation_robustness/data/raw/CUB_200_2011/images/041.Scissor_tailed_Flycatcher/Scissor_Tailed_Flycatcher_0076_41597.jpg,40,41,40,41,0.91998952627182,1,041.Scissor_tailed_Flycatcher
144,6005,/content/drive/MyDrive/visual_explanation_robustness/data/raw/CUB_200_2011/images/103.Sayornis/Sayornis_0032_98962.jpg,102,103,102,103,0.3143927454948425,1,103.Sayornis
145,6331,/content/drive/MyDrive/visual_explanation_robustness/data/raw/CUB_200_2011/images/109.American_Redstart/American_Redstart_0048_104021.jpg,108,109,108,109,0.901386559009552,1,109.American_Redstart
146,580,/content/drive/MyDrive/visual_explanation_robustness/data/raw/CUB_200_2011/images/011.Rusty_Blackbird/Rusty_Blackbird_0111_3220.jpg,10,11,10,11,0.8490502238273621,1,011.Rusty_Blackbird
147,5317,/content/drive/MyDrive/visual_explanation_robustness/data/raw/CUB_200_2011/images/091.Mockingbird/Mockingbird_0089_80601.jpg,90,91,90,91,0.6372635960578918,1,091.Mockingbird
148,6215,/content/drive/MyDrive/visual_explanation_robustness/data/raw/CUB_200_2011/images/107.Common_Raven/Common_Raven_0065_102465.jpg,106,107,106,107,0.6073406338691711,1,107.Common_Raven
149,10147,/content/drive/MyDrive/visual_explanation_robustness/data/raw/CUB_200_2011/images/173.Orange_crowned_Warbler/Orange_Crowned_Warbler_0088_168052.jpg,172,173,172,173,0.8759006261825562,1,173.Orange_crowned_Warbler
150,171,/content/drive/MyDrive/visual_explanation_robustness/data/raw/CUB_200_2011/images/003.Sooty_Albatross/Sooty_Albatross_0036_796387.jpg,2,3,2,3,0.9237884879112244,1,003.Sooty_Albatross
151,2846,/content/drive/MyDrive/visual_explanation_robustness/data/raw/CUB_200_2011/images/050.Eared_Grebe/Eared_Grebe_0018_34357.jpg,49,50,49,50,0.2078675031661987,1,050.Eared_Grebe
152,1089,/content/drive/MyDrive/visual_explanation_robustness/data/raw/CUB_200_2011/images/020.Yellow_breasted_Chat/Yellow_Breasted_Chat_0081_21829.jpg,19,20,19,20,0.808087170124054,1,020.Yellow_breasted_Chat
153,422,/content/drive/MyDrive/visual_explanation_robustness/data/raw/CUB_200_2011/images/008.Rhinoceros_Auklet/Rhinoceros_Auklet_0022_2170.jpg,7,8,7,8,0.8744001984596252,1,008.Rhinoceros_Auklet
154,10990,/content/drive/MyDrive/visual_explanation_robustness/data/raw/CUB_200_2011/images/187.American_Three_toed_Woodpecker/American_Three_Toed_Woodpecker_0023_179909.jpg,186,187,186,187,0.7109633684158325,1,187.American_Three_toed_Woodpecker
155,8649,/content/drive/MyDrive/visual_explanation_robustness/data/raw/CUB_200_2011/images/148.Green_tailed_Towhee/Green_Tailed_Towhee_0035_154888.jpg,147,148,147,148,0.9269579648971558,1,148.Green_tailed_Towhee
156,65,/content/drive/MyDrive/visual_explanation_robustness/data/raw/CUB_200_2011/images/002.Laysan_Albatross/Laysan_Albatross_0070_788.jpg,1,2,1,2,0.9193962216377258,1,002.Laysan_Albatross
157,5223,/content/drive/MyDrive/visual_explanation_robustness/data/raw/CUB_200_2011/images/090.Red_breasted_Merganser/Red_Breasted_Merganser_0061_79453.jpg,89,90,89,90,0.9343836903572084,1,090.Red_breasted_Merganser
158,9756,/content/drive/MyDrive/visual_explanation_robustness/data/raw/CUB_200_2011/images/166.Golden_winged_Warbler/Golden_Winged_Warbler_0031_794840.jpg,165,166,165,166,0.6955901384353638,1,166.Golden_winged_Warbler
159,1451,/content/drive/MyDrive/visual_explanation_robustness/data/raw/CUB_200_2011/images/026.Bronzed_Cowbird/Bronzed_Cowbird_0031_24139.jpg,25,26,25,26,0.6346320509910583,1,026.Bronzed_Cowbird
160,2705,/content/drive/MyDrive/visual_explanation_robustness/data/raw/CUB_200_2011/images/047.American_Goldfinch/American_Goldfinch_0029_32218.jpg,46,47,46,47,0.8445599675178528,1,047.American_Goldfinch
161,7712,/content/drive/MyDrive/visual_explanation_robustness/data/raw/CUB_200_2011/images/132.White_crowned_Sparrow/White_Crowned_Sparrow_0076_127604.jpg,131,132,131,132,0.8766558766365051,1,132.White_crowned_Sparrow
162,10211,/content/drive/MyDrive/visual_explanation_robustness/data/raw/CUB_200_2011/images/174.Palm_Warbler/Palm_Warbler_0086_169676.jpg,173,174,173,174,0.7185731530189514,1,174.Palm_Warbler
163,673,/content/drive/MyDrive/visual_explanation_robustness/data/raw/CUB_200_2011/images/013.Bobolink/Bobolink_0074_9311.jpg,12,13,12,13,0.9299172759056092,1,013.Bobolink
164,10438,/content/drive/MyDrive/visual_explanation_robustness/data/raw/CUB_200_2011/images/178.Swainson_Warbler/Swainson_Warbler_0015_794891.jpg,177,178,177,178,0.9253175854682922,1,178.Swainson_Warbler
165,11144,/content/drive/MyDrive/visual_explanation_robustness/data/raw/CUB_200_2011/images/190.Red_cockaded_Woodpecker/Red_Cockaded_Woodpecker_0049_182452.jpg,189,190,189,190,0.4825820624828338,1,190.Red_cockaded_Woodpecker
166,624,/content/drive/MyDrive/visual_explanation_robustness/data/raw/CUB_200_2011/images/012.Yellow_headed_Blackbird/Yellow_Headed_Blackbird_0079_8535.jpg,11,12,11,12,0.937515139579773,1,012.Yellow_headed_Blackbird
167,185,/content/drive/MyDrive/visual_explanation_robustness/data/raw/CUB_200_2011/images/004.Groove_billed_Ani/Groove_Billed_Ani_0037_1560.jpg,3,4,3,4,0.6455901265144348,1,004.Groove_billed_Ani
168,10828,/content/drive/MyDrive/visual_explanation_robustness/data/raw/CUB_200_2011/images/184.Louisiana_Waterthrush/Louisiana_Waterthrush_0002_795285.jpg,183,184,183,184,0.8749529719352722,1,184.Louisiana_Waterthrush
169,2677,/content/drive/MyDrive/visual_explanation_robustness/data/raw/CUB_200_2011/images/047.American_Goldfinch/American_Goldfinch_0032_31922.jpg,46,47,46,47,0.867952823638916,1,047.American_Goldfinch
170,850,/content/drive/MyDrive/visual_explanation_robustness/data/raw/CUB_200_2011/images/016.Painted_Bunting/Painted_Bunting_0054_16711.jpg,15,16,15,16,0.9260804653167723,1,016.Painted_Bunting
171,3836,/content/drive/MyDrive/visual_explanation_robustness/data/raw/CUB_200_2011/images/066.Western_Gull/Western_Gull_0049_53748.jpg,65,66,65,66,0.776410698890686,1,066.Western_Gull
172,11567,/content/drive/MyDrive/visual_explanation_robustness/data/raw/CUB_200_2011/images/197.Marsh_Wren/Marsh_Wren_0071_188111.jpg,196,197,196,197,0.6012747883796692,1,197.Marsh_Wren
173,2926,/content/drive/MyDrive/visual_explanation_robustness/data/raw/CUB_200_2011/images/051.Horned_Grebe/Horned_Grebe_0010_34716.jpg,50,51,50,51,0.5144194960594177,1,051.Horned_Grebe
174,2780,/content/drive/MyDrive/visual_explanation_robustness/data/raw/CUB_200_2011/images/049.Boat_tailed_Grackle/Boat_Tailed_Grackle_0060_33589.jpg,48,49,48,49,0.7859649658203125,1,049.Boat_tailed_Grackle
175,4294,/content/drive/MyDrive/visual_explanation_robustness/data/raw/CUB_200_2011/images/074.Florida_Jay/Florida_Jay_0027_64689.jpg,73,74,73,74,0.8838923573493958,1,074.Florida_Jay
176,9054,/content/drive/MyDrive/visual_explanation_robustness/data/raw/CUB_200_2011/images/155.Warbling_Vireo/Warbling_Vireo_0105_158727.jpg,154,155,154,155,0.9139646291732788,1,155.Warbling_Vireo
177,4395,/content/drive/MyDrive/visual_explanation_robustness/data/raw/CUB_200_2011/images/076.Dark_eyed_Junco/Dark_Eyed_Junco_0014_66258.jpg,75,76,75,76,0.8908947706222534,1,076.Dark_eyed_Junco
178,3538,/content/drive/MyDrive/visual_explanation_robustness/data/raw/CUB_200_2011/images/061.Heermann_Gull/Heermann_Gull_0004_45936.jpg,60,61,60,61,0.7742744088172913,1,061.Heermann_Gull
179,8971,/content/drive/MyDrive/visual_explanation_robustness/data/raw/CUB_200_2011/images/153.Philadelphia_Vireo/Philadelphia_Vireo_0084_794790.jpg,152,153,152,153,0.8539060354232788,1,153.Philadelphia_Vireo
180,9459,/content/drive/MyDrive/visual_explanation_robustness/data/raw/CUB_200_2011/images/161.Blue_winged_Warbler/Blue_Winged_Warbler_0088_162018.jpg,160,161,160,161,0.5474424362182617,1,161.Blue_winged_Warbler
181,4682,/content/drive/MyDrive/visual_explanation_robustness/data/raw/CUB_200_2011/images/081.Pied_Kingfisher/Pied_Kingfisher_0068_72278.jpg,80,81,80,81,0.9025123715400696,1,081.Pied_Kingfisher
182,9718,/content/drive/MyDrive/visual_explanation_robustness/data/raw/CUB_200_2011/images/166.Golden_winged_Warbler/Golden_Winged_Warbler_0042_164437.jpg,165,166,165,166,0.6195904016494751,1,166.Golden_winged_Warbler
183,6593,/content/drive/MyDrive/visual_explanation_robustness/data/raw/CUB_200_2011/images/113.Baird_Sparrow/Baird_Sparrow_0011_794577.jpg,112,113,112,113,0.5690953135490417,1,113.Baird_Sparrow
184,10797,/content/drive/MyDrive/visual_explanation_robustness/data/raw/CUB_200_2011/images/184.Louisiana_Waterthrush/Louisiana_Waterthrush_0016_795240.jpg,183,184,183,184,0.8226798176765442,1,184.Louisiana_Waterthrush
185,3410,/content/drive/MyDrive/visual_explanation_robustness/data/raw/CUB_200_2011/images/059.California_Gull/California_Gull_0043_41326.jpg,58,59,58,59,0.4119048118591308,1,059.California_Gull
186,8857,/content/drive/MyDrive/visual_explanation_robustness/data/raw/CUB_200_2011/images/151.Black_capped_Vireo/Black_Capped_Vireo_0023_797486.jpg,150,151,150,151,0.9405438303947448,1,151.Black_capped_Vireo
187,1634,/content/drive/MyDrive/visual_explanation_robustness/data/raw/CUB_200_2011/images/029.American_Crow/American_Crow_0001_25053.jpg,28,29,28,29,0.9131786823272704,1,029.American_Crow
188,4976,/content/drive/MyDrive/visual_explanation_robustness/data/raw/CUB_200_2011/images/086.Pacific_Loon/Pacific_Loon_0049_75780.jpg,85,86,85,86,0.8283121585845947,1,086.Pacific_Loon
189,4115,/content/drive/MyDrive/visual_explanation_robustness/data/raw/CUB_200_2011/images/071.Long_tailed_Jaeger/Long_Tailed_Jaeger_0066_60921.jpg,70,71,70,71,0.4683532118797302,1,071.Long_tailed_Jaeger
190,11609,/content/drive/MyDrive/visual_explanation_robustness/data/raw/CUB_200_2011/images/198.Rock_Wren/Rock_Wren_0127_188931.jpg,197,198,197,198,0.6801608800888062,1,198.Rock_Wren
191,9153,/content/drive/MyDrive/visual_explanation_robustness/data/raw/CUB_200_2011/images/156.White_eyed_Vireo/White_Eyed_Vireo_0091_159045.jpg,155,156,155,156,0.9363496899604796,1,156.White_eyed_Vireo
192,9633,/content/drive/MyDrive/visual_explanation_robustness/data/raw/CUB_200_2011/images/164.Cerulean_Warbler/Cerulean_Warbler_0057_163227.jpg,163,164,163,164,0.7765302658081055,1,164.Cerulean_Warbler
193,6499,/content/drive/MyDrive/visual_explanation_robustness/data/raw/CUB_200_2011/images/111.Loggerhead_Shrike/Loggerhead_Shrike_0110_105947.jpg,110,111,110,111,0.4563375115394592,1,111.Loggerhead_Shrike
194,2653,/content/drive/MyDrive/visual_explanation_robustness/data/raw/CUB_200_2011/images/047.American_Goldfinch/American_Goldfinch_0061_32281.jpg,46,47,46,47,0.8359558582305908,1,047.American_Goldfinch
195,5871,/content/drive/MyDrive/visual_explanation_robustness/data/raw/CUB_200_2011/images/101.White_Pelican/White_Pelican_0051_97833.jpg,100,101,100,101,0.7568989992141724,1,101.White_Pelican
196,3541,/content/drive/MyDrive/visual_explanation_robustness/data/raw/CUB_200_2011/images/061.Heermann_Gull/Heermann_Gull_0110_45968.jpg,60,61,60,61,0.6389258503913879,1,061.Heermann_Gull
197,2260,/content/drive/MyDrive/visual_explanation_robustness/data/raw/CUB_200_2011/images/040.Olive_sided_Flycatcher/Olive_Sided_Flycatcher_0043_30632.jpg,39,40,39,40,0.8216358423233032,1,040.Olive_sided_Flycatcher
198,3716,/content/drive/MyDrive/visual_explanation_robustness/data/raw/CUB_200_2011/images/064.Ring_billed_Gull/Ring_Billed_Gull_0056_51523.jpg,63,64,63,64,0.5715218782424927,1,064.Ring_billed_Gull
199,8891,/content/drive/MyDrive/visual_explanation_robustness/data/raw/CUB_200_2011/images/152.Blue_headed_Vireo/Blue_Headed_Vireo_0037_155955.jpg,151,152,151,152,0.9486586451530457,1,152.Blue_headed_Vireo
200,11126,/content/drive/MyDrive/visual_explanation_robustness/data/raw/CUB_200_2011/images/189.Red_bellied_Woodpecker/Red_Bellied_Woodpecker_0108_180956.jpg,188,189,188,189,0.8663958311080933,1,189.Red_bellied_Woodpecker
201,2024,/content/drive/MyDrive/visual_explanation_robustness/data/raw/CUB_200_2011/images/036.Northern_Flicker/Northern_Flicker_0136_28918.jpg,35,36,35,36,0.480219304561615,1,036.Northern_Flicker
202,5853,/content/drive/MyDrive/visual_explanation_robustness/data/raw/CUB_200_2011/images/100.Brown_Pelican/Brown_Pelican_0012_94079.jpg,99,100,99,100,0.4825624525547027,1,100.Brown_Pelican
203,4056,/content/drive/MyDrive/visual_explanation_robustness/data/raw/CUB_200_2011/images/070.Green_Violetear/Green_Violetear_0022_60799.jpg,69,70,69,70,0.9707650542259216,1,070.Green_Violetear
204,3987,/content/drive/MyDrive/visual_explanation_robustness/data/raw/CUB_200_2011/images/069.Rufous_Hummingbird/Rufous_Hummingbird_0065_58497.jpg,68,69,68,69,0.9109876155853271,1,069.Rufous_Hummingbird
205,4753,/content/drive/MyDrive/visual_explanation_robustness/data/raw/CUB_200_2011/images/082.Ringed_Kingfisher/Ringed_Kingfisher_0087_72794.jpg,81,82,81,82,0.867444634437561,1,082.Ringed_Kingfisher
206,5449,/content/drive/MyDrive/visual_explanation_robustness/data/raw/CUB_200_2011/images/094.White_breasted_Nuthatch/White_Breasted_Nuthatch_0060_86031.jpg,93,94,93,94,0.7609797120094299,1,094.White_breasted_Nuthatch
207,1777,/content/drive/MyDrive/visual_explanation_robustness/data/raw/CUB_200_2011/images/032.Mangrove_Cuckoo/Mangrove_Cuckoo_0053_26390.jpg,31,32,31,32,0.6972905993461609,1,032.Mangrove_Cuckoo
208,11274,/content/drive/MyDrive/visual_explanation_robustness/data/raw/CUB_200_2011/images/192.Downy_Woodpecker/Downy_Woodpecker_0037_183968.jpg,191,192,191,192,0.891487181186676,1,192.Downy_Woodpecker
209,8752,/content/drive/MyDrive/visual_explanation_robustness/data/raw/CUB_200_2011/images/149.Brown_Thrasher/Brown_Thrasher_0056_155048.jpg,148,149,148,149,0.5711041688919067,1,149.Brown_Thrasher
210,5936,/content/drive/MyDrive/visual_explanation_robustness/data/raw/CUB_200_2011/images/102.Western_Wood_Pewee/Western_Wood_Pewee_0010_98204.jpg,101,102,101,102,0.222608596086502,1,102.Western_Wood_Pewee
211,2915,/content/drive/MyDrive/visual_explanation_robustness/data/raw/CUB_200_2011/images/051.Horned_Grebe/Horned_Grebe_0009_34952.jpg,50,51,50,51,0.9372623562812804,1,051.Horned_Grebe
212,7520,/content/drive/MyDrive/visual_explanation_robustness/data/raw/CUB_200_2011/images/129.Song_Sparrow/Song_Sparrow_0097_121438.jpg,128,129,128,129,0.8685764670372009,1,129.Song_Sparrow
213,7242,/content/drive/MyDrive/visual_explanation_robustness/data/raw/CUB_200_2011/images/124.Le_Conte_Sparrow/Le_Conte_Sparrow_0102_795195.jpg,123,124,123,124,0.5912171602249146,1,124.Le_Conte_Sparrow
214,6090,/content/drive/MyDrive/visual_explanation_robustness/data/raw/CUB_200_2011/images/104.American_Pipit/American_Pipit_0080_100055.jpg,103,104,103,104,0.6676827073097229,1,104.American_Pipit
215,8608,/content/drive/MyDrive/visual_explanation_robustness/data/raw/CUB_200_2011/images/147.Least_Tern/Least_Tern_0098_153820.jpg,146,147,146,147,0.907556176185608,1,147.Least_Tern
216,9637,/content/drive/MyDrive/visual_explanation_robustness/data/raw/CUB_200_2011/images/164.Cerulean_Warbler/Cerulean_Warbler_0055_163524.jpg,163,164,163,164,0.733832597732544,1,164.Cerulean_Warbler
217,5440,/content/drive/MyDrive/visual_explanation_robustness/data/raw/CUB_200_2011/images/093.Clark_Nutcracker/Clark_Nutcracker_0051_84950.jpg,92,93,92,93,0.6731512546539307,1,093.Clark_Nutcracker
218,8629,/content/drive/MyDrive/visual_explanation_robustness/data/raw/CUB_200_2011/images/147.Least_Tern/Least_Tern_0021_153979.jpg,146,147,146,147,0.8833214640617371,1,147.Least_Tern
219,5623,/content/drive/MyDrive/visual_explanation_robustness/data/raw/CUB_200_2011/images/096.Hooded_Oriole/Hooded_Oriole_0062_90089.jpg,95,96,95,96,0.9077673554420472,1,096.Hooded_Oriole
220,9239,/content/drive/MyDrive/visual_explanation_robustness/data/raw/CUB_200_2011/images/158.Bay_breasted_Warbler/Bay_Breasted_Warbler_0032_797150.jpg,157,158,157,158,0.4429063498973846,1,158.Bay_breasted_Warbler
221,6545,/content/drive/MyDrive/visual_explanation_robustness/data/raw/CUB_200_2011/images/112.Great_Grey_Shrike/Great_Grey_Shrike_0062_106628.jpg,111,112,111,112,0.641610324382782,1,112.Great_Grey_Shrike
222,880,/content/drive/MyDrive/visual_explanation_robustness/data/raw/CUB_200_2011/images/016.Painted_Bunting/Painted_Bunting_0027_16536.jpg,15,16,15,16,0.8124809861183167,1,016.Painted_Bunting
223,4685,/content/drive/MyDrive/visual_explanation_robustness/data/raw/CUB_200_2011/images/081.Pied_Kingfisher/Pied_Kingfisher_0015_72299.jpg,80,81,80,81,0.9017415642738342,1,081.Pied_Kingfisher
224,3364,/content/drive/MyDrive/visual_explanation_robustness/data/raw/CUB_200_2011/images/058.Pigeon_Guillemot/Pigeon_Guillemot_0100_40179.jpg,57,58,57,58,0.6573370695114136,1,058.Pigeon_Guillemot
225,8841,/content/drive/MyDrive/visual_explanation_robustness/data/raw/CUB_200_2011/images/151.Black_capped_Vireo/Black_Capped_Vireo_0038_797465.jpg,150,151,150,151,0.9179120063781738,1,151.Black_capped_Vireo
226,5818,/content/drive/MyDrive/visual_explanation_robustness/data/raw/CUB_200_2011/images/100.Brown_Pelican/Brown_Pelican_0075_95357.jpg,99,100,99,100,0.9091688394546508,1,100.Brown_Pelican
227,10532,/content/drive/MyDrive/visual_explanation_robustness/data/raw/CUB_200_2011/images/179.Tennessee_Warbler/Tennessee_Warbler_0098_174800.jpg,178,179,178,179,0.504624605178833,1,179.Tennessee_Warbler
228,6883,/content/drive/MyDrive/visual_explanation_robustness/data/raw/CUB_200_2011/images/118.House_Sparrow/House_Sparrow_0014_112947.jpg,117,118,117,118,0.1538642048835754,1,118.House_Sparrow
229,1432,/content/drive/MyDrive/visual_explanation_robustness/data/raw/CUB_200_2011/images/026.Bronzed_Cowbird/Bronzed_Cowbird_0062_796238.jpg,25,26,25,26,0.3172248005867004,1,026.Bronzed_Cowbird
230,2744,/content/drive/MyDrive/visual_explanation_robustness/data/raw/CUB_200_2011/images/048.European_Goldfinch/European_Goldfinch_0077_33346.jpg,47,48,47,48,0.8440610766410828,1,048.European_Goldfinch
231,2119,/content/drive/MyDrive/visual_explanation_robustness/data/raw/CUB_200_2011/images/038.Great_Crested_Flycatcher/Great_Crested_Flycatcher_0012_29264.jpg,37,38,37,38,0.8379449248313904,1,038.Great_Crested_Flycatcher
232,10417,/content/drive/MyDrive/visual_explanation_robustness/data/raw/CUB_200_2011/images/177.Prothonotary_Warbler/Prothonotary_Warbler_0074_173443.jpg,176,177,176,177,0.7020295262336731,1,177.Prothonotary_Warbler
233,167,/content/drive/MyDrive/visual_explanation_robustness/data/raw/CUB_200_2011/images/003.Sooty_Albatross/Sooty_Albatross_0051_796374.jpg,2,3,2,3,0.5904080867767334,1,003.Sooty_Albatross
234,8729,/content/drive/MyDrive/visual_explanation_robustness/data/raw/CUB_200_2011/images/149.Brown_Thrasher/Brown_Thrasher_0038_155246.jpg,148,149,148,149,0.886593759059906,1,149.Brown_Thrasher
235,8388,/content/drive/MyDrive/visual_explanation_robustness/data/raw/CUB_200_2011/images/143.Caspian_Tern/Caspian_Tern_0016_145314.jpg,142,143,142,143,0.574691116809845,1,143.Caspian_Tern
236,8210,/content/drive/MyDrive/visual_explanation_robustness/data/raw/CUB_200_2011/images/140.Summer_Tanager/Summer_Tanager_0069_139941.jpg,139,140,139,140,0.1777261346578598,1,140.Summer_Tanager
237,3885,/content/drive/MyDrive/visual_explanation_robustness/data/raw/CUB_200_2011/images/067.Anna_Hummingbird/Anna_Hummingbird_0096_56754.jpg,66,67,66,67,0.9128850102424622,1,067.Anna_Hummingbird
238,3627,/content/drive/MyDrive/visual_explanation_robustness/data/raw/CUB_200_2011/images/063.Ivory_Gull/Ivory_Gull_0062_49722.jpg,62,63,62,63,0.9387321472167968,1,063.Ivory_Gull
239,4322,/content/drive/MyDrive/visual_explanation_robustness/data/raw/CUB_200_2011/images/075.Green_Jay/Green_Jay_0059_65586.jpg,74,75,74,75,0.9428868889808656,1,075.Green_Jay
240,9476,/content/drive/MyDrive/visual_explanation_robustness/data/raw/CUB_200_2011/images/162.Canada_Warbler/Canada_Warbler_0063_162324.jpg,161,162,161,162,0.791420578956604,1,162.Canada_Warbler
241,4468,/content/drive/MyDrive/visual_explanation_robustness/data/raw/CUB_200_2011/images/077.Tropical_Kingbird/Tropical_Kingbird_0115_69485.jpg,76,77,76,77,0.7567226886749268,1,077.Tropical_Kingbird
242,10695,/content/drive/MyDrive/visual_explanation_robustness/data/raw/CUB_200_2011/images/182.Yellow_Warbler/Yellow_Warbler_0031_176282.jpg,181,182,181,182,0.960456609725952,1,182.Yellow_Warbler
243,252,/content/drive/MyDrive/visual_explanation_robustness/data/raw/CUB_200_2011/images/005.Crested_Auklet/Crested_Auklet_0059_794929.jpg,4,5,4,5,0.219650536775589,1,005.Crested_Auklet
244,9282,/content/drive/MyDrive/visual_explanation_robustness/data/raw/CUB_200_2011/images/158.Bay_breasted_Warbler/Bay_Breasted_Warbler_0042_797160.jpg,157,158,157,158,0.8649675846099854,1,158.Bay_breasted_Warbler
245,2579,/content/drive/MyDrive/visual_explanation_robustness/data/raw/CUB_200_2011/images/045.Northern_Fulmar/Northern_Fulmar_0078_43985.jpg,44,45,44,45,0.9466331005096436,1,045.Northern_Fulmar
246,1985,/content/drive/MyDrive/visual_explanation_robustness/data/raw/CUB_200_2011/images/035.Purple_Finch/Purple_Finch_0043_28117.jpg,34,35,34,35,0.8922001719474792,1,035.Purple_Finch
247,948,/content/drive/MyDrive/visual_explanation_robustness/data/raw/CUB_200_2011/images/017.Cardinal/Cardinal_0049_18258.jpg,16,17,16,17,0.7947549223899841,1,017.Cardinal
248,7668,/content/drive/MyDrive/visual_explanation_robustness/data/raw/CUB_200_2011/images/131.Vesper_Sparrow/Vesper_Sparrow_0055_125611.jpg,130,131,130,131,0.7505941987037659,1,131.Vesper_Sparrow
249,4085,/content/drive/MyDrive/visual_explanation_robustness/data/raw/CUB_200_2011/images/071.Long_tailed_Jaeger/Long_Tailed_Jaeger_0017_797081.jpg,70,71,70,71,0.2471001744270324,1,071.Long_tailed_Jaeger
250,11131,/content/drive/MyDrive/visual_explanation_robustness/data/raw/CUB_200_2011/images/189.Red_bellied_Woodpecker/Red_Bellied_Woodpecker_0123_182116.jpg,188,189,188,189,0.934977412223816,1,189.Red_bellied_Woodpecker
251,7140,/content/drive/MyDrive/visual_explanation_robustness/data/raw/CUB_200_2011/images/122.Harris_Sparrow/Harris_Sparrow_0017_116636.jpg,121,122,121,122,0.9135894775390624,1,122.Harris_Sparrow
252,11204,/content/drive/MyDrive/visual_explanation_robustness/data/raw/CUB_200_2011/images/191.Red_headed_Woodpecker/Red_Headed_Woodpecker_0031_183096.jpg,190,191,190,191,0.9057236909866332,1,191.Red_headed_Woodpecker
253,4758,/content/drive/MyDrive/visual_explanation_robustness/data/raw/CUB_200_2011/images/082.Ringed_Kingfisher/Ringed_Kingfisher_0078_72826.jpg,81,82,81,82,0.9291391372680664,1,082.Ringed_Kingfisher
254,7182,/content/drive/MyDrive/visual_explanation_robustness/data/raw/CUB_200_2011/images/123.Henslow_Sparrow/Henslow_Sparrow_0028_796570.jpg,122,123,122,123,0.7943173050880432,1,123.Henslow_Sparrow
255,9980,/content/drive/MyDrive/visual_explanation_robustness/data/raw/CUB_200_2011/images/170.Mourning_Warbler/Mourning_Warbler_0006_166595.jpg,169,170,169,170,0.6148360371589661,1,170.Mourning_Warbler
256,3494,/content/drive/MyDrive/visual_explanation_robustness/data/raw/CUB_200_2011/images/061.Heermann_Gull/Heermann_Gull_0059_45642.jpg,60,61,60,61,0.745681643486023,1,061.Heermann_Gull
257,9494,/content/drive/MyDrive/visual_explanation_robustness/data/raw/CUB_200_2011/images/162.Canada_Warbler/Canada_Warbler_0013_162375.jpg,161,162,161,162,0.7982240319252014,1,162.Canada_Warbler
258,3554,/content/drive/MyDrive/visual_explanation_robustness/data/raw/CUB_200_2011/images/062.Herring_Gull/Herring_Gull_0012_46654.jpg,61,62,61,62,0.8923903107643127,1,062.Herring_Gull
259,10662,/content/drive/MyDrive/visual_explanation_robustness/data/raw/CUB_200_2011/images/182.Yellow_Warbler/Yellow_Warbler_0038_176388.jpg,181,182,181,182,0.962842047214508,1,182.Yellow_Warbler
260,6866,/content/drive/MyDrive/visual_explanation_robustness/data/raw/CUB_200_2011/images/118.House_Sparrow/House_Sparrow_0052_112252.jpg,117,118,117,118,0.2264211475849151,1,118.House_Sparrow
261,2960,/content/drive/MyDrive/visual_explanation_robustness/data/raw/CUB_200_2011/images/052.Pied_billed_Grebe/Pied_Billed_Grebe_0007_35399.jpg,51,52,51,52,0.919135808944702,1,052.Pied_billed_Grebe
262,8937,/content/drive/MyDrive/visual_explanation_robustness/data/raw/CUB_200_2011/images/153.Philadelphia_Vireo/Philadelphia_Vireo_0060_156555.jpg,152,153,152,153,0.6179632544517517,1,153.Philadelphia_Vireo
263,2380,/content/drive/MyDrive/visual_explanation_robustness/data/raw/CUB_200_2011/images/042.Vermilion_Flycatcher/Vermilion_Flycatcher_0026_42375.jpg,41,42,41,42,0.736219048500061,1,042.Vermilion_Flycatcher
264,3469,/content/drive/MyDrive/visual_explanation_robustness/data/raw/CUB_200_2011/images/060.Glaucous_winged_Gull/Glaucous_Winged_Gull_0117_44298.jpg,59,60,59,60,0.9360395669937134,1,060.Glaucous_winged_Gull
265,5742,/content/drive/MyDrive/visual_explanation_robustness/data/raw/CUB_200_2011/images/098.Scott_Oriole/Scott_Oriole_0057_795856.jpg,97,98,97,98,0.951921045780182,1,098.Scott_Oriole
266,10592,/content/drive/MyDrive/visual_explanation_robustness/data/raw/CUB_200_2011/images/180.Wilson_Warbler/Wilson_Warbler_0043_175491.jpg,179,180,179,180,0.8793386816978455,1,180.Wilson_Warbler
267,2360,/content/drive/MyDrive/visual_explanation_robustness/data/raw/CUB_200_2011/images/042.Vermilion_Flycatcher/Vermilion_Flycatcher_0030_42523.jpg,41,42,41,42,0.878500759601593,1,042.Vermilion_Flycatcher
268,9807,/content/drive/MyDrive/visual_explanation_robustness/data/raw/CUB_200_2011/images/167.Hooded_Warbler/Hooded_Warbler_0112_164650.jpg,166,167,166,167,0.9083532691001892,1,167.Hooded_Warbler
269,2977,/content/drive/MyDrive/visual_explanation_robustness/data/raw/CUB_200_2011/images/052.Pied_billed_Grebe/Pied_Billed_Grebe_0045_35962.jpg,51,52,51,52,0.650381326675415,1,052.Pied_billed_Grebe
270,4446,/content/drive/MyDrive/visual_explanation_robustness/data/raw/CUB_200_2011/images/077.Tropical_Kingbird/Tropical_Kingbird_0002_69595.jpg,76,77,76,77,0.8932265043258667,1,077.Tropical_Kingbird
271,4811,/content/drive/MyDrive/visual_explanation_robustness/data/raw/CUB_200_2011/images/083.White_breasted_Kingfisher/White_Breasted_Kingfisher_0040_73266.jpg,82,83,82,83,0.9026780724525452,1,083.White_breasted_Kingfisher
272,5817,/content/drive/MyDrive/visual_explanation_robustness/data/raw/CUB_200_2011/images/100.Brown_Pelican/Brown_Pelican_0066_94840.jpg,99,100,99,100,0.9246231913566588,1,100.Brown_Pelican
273,7379,/content/drive/MyDrive/visual_explanation_robustness/data/raw/CUB_200_2011/images/126.Nelson_Sharp_tailed_Sparrow/Nelson_Sharp_Tailed_Sparrow_0003_796917.jpg,125,126,125,126,0.9220882058143616,1,126.Nelson_Sharp_tailed_Sparrow
274,7189,/content/drive/MyDrive/visual_explanation_robustness/data/raw/CUB_200_2011/images/123.Henslow_Sparrow/Henslow_Sparrow_0084_796587.jpg,122,123,122,123,0.7993156313896179,1,123.Henslow_Sparrow
275,8573,/content/drive/MyDrive/visual_explanation_robustness/data/raw/CUB_200_2011/images/146.Forsters_Tern/Forsters_Tern_0126_151257.jpg,145,146,145,146,0.7370498776435852,1,146.Forsters_Tern
276,9378,/content/drive/MyDrive/visual_explanation_robustness/data/raw/CUB_200_2011/images/160.Black_throated_Blue_Warbler/Black_Throated_Blue_Warbler_0100_161622.jpg,159,160,159,160,0.8864021897315979,1,160.Black_throated_Blue_Warbler
277,9569,/content/drive/MyDrive/visual_explanation_robustness/data/raw/CUB_200_2011/images/163.Cape_May_Warbler/Cape_May_Warbler_0062_162955.jpg,162,163,162,163,0.6660284996032715,1,163.Cape_May_Warbler
278,6846,/content/drive/MyDrive/visual_explanation_robustness/data/raw/CUB_200_2011/images/117.Clay_colored_Sparrow/Clay_Colored_Sparrow_0107_110825.jpg,116,117,116,117,0.1798877865076065,1,117.Clay_colored_Sparrow
279,3051,/content/drive/MyDrive/visual_explanation_robustness/data/raw/CUB_200_2011/images/053.Western_Grebe/Western_Grebe_0020_36241.jpg,52,53,52,53,0.8642917275428772,1,053.Western_Grebe
280,7314,/content/drive/MyDrive/visual_explanation_robustness/data/raw/CUB_200_2011/images/125.Lincoln_Sparrow/Lincoln_Sparrow_0045_117547.jpg,124,125,124,125,0.8014472126960754,1,125.Lincoln_Sparrow
281,5326,/content/drive/MyDrive/visual_explanation_robustness/data/raw/CUB_200_2011/images/092.Nighthawk/Nighthawk_0078_795340.jpg,91,92,91,92,0.91314697265625,1,092.Nighthawk
282,9978,/content/drive/MyDrive/visual_explanation_robustness/data/raw/CUB_200_2011/images/170.Mourning_Warbler/Mourning_Warbler_0045_166575.jpg,169,170,169,170,0.1054049879312515,1,170.Mourning_Warbler
283,5232,/content/drive/MyDrive/visual_explanation_robustness/data/raw/CUB_200_2011/images/090.Red_breasted_Merganser/Red_Breasted_Merganser_0082_79214.jpg,89,90,89,90,0.215939462184906,1,090.Red_breasted_Merganser
284,3072,/content/drive/MyDrive/visual_explanation_robustness/data/raw/CUB_200_2011/images/054.Blue_Grosbeak/Blue_Grosbeak_0078_36655.jpg,53,54,53,54,0.7671834826469421,1,054.Blue_Grosbeak
285,10062,/content/drive/MyDrive/visual_explanation_robustness/data/raw/CUB_200_2011/images/171.Myrtle_Warbler/Myrtle_Warbler_0078_166875.jpg,170,171,170,171,0.9077419638633728,1,171.Myrtle_Warbler
286,6949,/content/drive/MyDrive/visual_explanation_robustness/data/raw/CUB_200_2011/images/119.Field_Sparrow/Field_Sparrow_0006_113839.jpg,118,119,118,119,0.9300528764724731,1,119.Field_Sparrow
287,10615,/content/drive/MyDrive/visual_explanation_robustness/data/raw/CUB_200_2011/images/181.Worm_eating_Warbler/Worm_Eating_Warbler_0005_175977.jpg,180,181,180,181,0.8990641832351685,1,181.Worm_eating_Warbler
288,9127,/content/drive/MyDrive/visual_explanation_robustness/data/raw/CUB_200_2011/images/156.White_eyed_Vireo/White_Eyed_Vireo_0049_158835.jpg,155,156,155,156,0.7754613757133484,1,156.White_eyed_Vireo
289,6991,/content/drive/MyDrive/visual_explanation_robustness/data/raw/CUB_200_2011/images/120.Fox_Sparrow/Fox_Sparrow_0115_114855.jpg,119,120,119,120,0.9558267593383788,1,120.Fox_Sparrow
290,8696,/content/drive/MyDrive/visual_explanation_robustness/data/raw/CUB_200_2011/images/148.Green_tailed_Towhee/Green_Tailed_Towhee_0067_797426.jpg,147,148,147,148,0.8888847231864929,1,148.Green_tailed_Towhee
291,7121,/content/drive/MyDrive/visual_explanation_robustness/data/raw/CUB_200_2011/images/122.Harris_Sparrow/Harris_Sparrow_0002_116356.jpg,121,122,121,122,0.9384734630584716,1,122.Harris_Sparrow
292,9552,/content/drive/MyDrive/visual_explanation_robustness/data/raw/CUB_200_2011/images/163.Cape_May_Warbler/Cape_May_Warbler_0046_163167.jpg,162,163,162,163,0.8377752304077148,1,163.Cape_May_Warbler
293,8188,/content/drive/MyDrive/visual_explanation_robustness/data/raw/CUB_200_2011/images/140.Summer_Tanager/Summer_Tanager_0094_139351.jpg,139,140,139,140,0.8498722314834595,1,140.Summer_Tanager
294,2763,/content/drive/MyDrive/visual_explanation_robustness/data/raw/CUB_200_2011/images/048.European_Goldfinch/European_Goldfinch_0011_794676.jpg,47,48,47,48,0.8217331767082214,1,048.European_Goldfinch
295,4317,/content/drive/MyDrive/visual_explanation_robustness/data/raw/CUB_200_2011/images/075.Green_Jay/Green_Jay_0041_65548.jpg,74,75,74,75,0.6819921135902405,1,075.Green_Jay
296,7415,/content/drive/MyDrive/visual_explanation_robustness/data/raw/CUB_200_2011/images/127.Savannah_Sparrow/Savannah_Sparrow_0057_120016.jpg,126,127,126,127,0.5618972778320312,1,127.Savannah_Sparrow
297,10356,/content/drive/MyDrive/visual_explanation_robustness/data/raw/CUB_200_2011/images/176.Prairie_Warbler/Prairie_Warbler_0021_172902.jpg,175,176,175,176,0.7954984903335571,1,176.Prairie_Warbler
298,11519,/content/drive/MyDrive/visual_explanation_robustness/data/raw/CUB_200_2011/images/196.House_Wren/House_Wren_0110_187111.jpg,195,196,195,196,0.4745939373970032,1,196.House_Wren
299,11410,/content/drive/MyDrive/visual_explanation_robustness/data/raw/CUB_200_2011/images/194.Cactus_Wren/Cactus_Wren_0085_185515.jpg,193,194,193,194,0.8379479646682739,1,194.Cactus_Wren
300,10096,/content/drive/MyDrive/visual_explanation_robustness/data/raw/CUB_200_2011/images/172.Nashville_Warbler/Nashville_Warbler_0018_167191.jpg,171,172,171,172,0.6541464924812317,1,172.Nashville_Warbler
301,5551,/content/drive/MyDrive/visual_explanation_robustness/data/raw/CUB_200_2011/images/095.Baltimore_Oriole/Baltimore_Oriole_0109_87398.jpg,94,95,94,95,0.9110411405563354,1,095.Baltimore_Oriole
302,7521,/content/drive/MyDrive/visual_explanation_robustness/data/raw/CUB_200_2011/images/129.Song_Sparrow/Song_Sparrow_0045_121951.jpg,128,129,128,129,0.8994791507720947,1,129.Song_Sparrow
303,4025,/content/drive/MyDrive/visual_explanation_robustness/data/raw/CUB_200_2011/images/070.Green_Violetear/Green_Violetear_0073_795680.jpg,69,70,69,70,0.9619931578636168,1,070.Green_Violetear
304,3296,/content/drive/MyDrive/visual_explanation_robustness/data/raw/CUB_200_2011/images/057.Rose_breasted_Grosbeak/Rose_Breasted_Grosbeak_0028_39271.jpg,56,57,56,57,0.8986449241638184,1,057.Rose_breasted_Grosbeak
305,4742,/content/drive/MyDrive/visual_explanation_robustness/data/raw/CUB_200_2011/images/082.Ringed_Kingfisher/Ringed_Kingfisher_0051_72997.jpg,81,82,81,82,0.9449393153190612,1,082.Ringed_Kingfisher
306,6197,/content/drive/MyDrive/visual_explanation_robustness/data/raw/CUB_200_2011/images/106.Horned_Puffin/Horned_Puffin_0019_101063.jpg,105,106,105,106,0.8692930340766907,1,106.Horned_Puffin
307,5519,/content/drive/MyDrive/visual_explanation_robustness/data/raw/CUB_200_2011/images/095.Baltimore_Oriole/Baltimore_Oriole_0047_89686.jpg,94,95,94,95,0.6965316534042358,1,095.Baltimore_Oriole
308,2785,/content/drive/MyDrive/visual_explanation_robustness/data/raw/CUB_200_2011/images/049.Boat_tailed_Grackle/Boat_Tailed_Grackle_0125_33867.jpg,48,49,48,49,0.2350283712148666,1,049.Boat_tailed_Grackle
309,2942,/content/drive/MyDrive/visual_explanation_robustness/data/raw/CUB_200_2011/images/051.Horned_Grebe/Horned_Grebe_0062_34523.jpg,50,51,50,51,0.4374234974384308,1,051.Horned_Grebe
310,8476,/content/drive/MyDrive/visual_explanation_robustness/data/raw/CUB_200_2011/images/145.Elegant_Tern/Elegant_Tern_0024_150852.jpg,144,145,144,145,0.5886676907539368,1,145.Elegant_Tern
311,5334,/content/drive/MyDrive/visual_explanation_robustness/data/raw/CUB_200_2011/images/092.Nighthawk/Nighthawk_0088_82225.jpg,91,92,91,92,0.5162065029144287,1,092.Nighthawk
312,9697,/content/drive/MyDrive/visual_explanation_robustness/data/raw/CUB_200_2011/images/165.Chestnut_sided_Warbler/Chestnut_Sided_Warbler_0086_164024.jpg,164,165,164,165,0.7425901293754578,1,165.Chestnut_sided_Warbler
313,9549,/content/drive/MyDrive/visual_explanation_robustness/data/raw/CUB_200_2011/images/163.Cape_May_Warbler/Cape_May_Warbler_0015_163159.jpg,162,163,162,163,0.5855445265769958,1,163.Cape_May_Warbler
314,3110,/content/drive/MyDrive/visual_explanation_robustness/data/raw/CUB_200_2011/images/054.Blue_Grosbeak/Blue_Grosbeak_0081_37034.jpg,53,54,53,54,0.8534108400344849,1,054.Blue_Grosbeak
315,6843,/content/drive/MyDrive/visual_explanation_robustness/data/raw/CUB_200_2011/images/117.Clay_colored_Sparrow/Clay_Colored_Sparrow_0022_110518.jpg,116,117,116,117,0.3016396164894104,1,117.Clay_colored_Sparrow
316,9866,/content/drive/MyDrive/visual_explanation_robustness/data/raw/CUB_200_2011/images/168.Kentucky_Warbler/Kentucky_Warbler_0015_795867.jpg,167,168,167,168,0.864120602607727,1,168.Kentucky_Warbler
317,2614,/content/drive/MyDrive/visual_explanation_robustness/data/raw/CUB_200_2011/images/046.Gadwall/Gadwall_0088_31854.jpg,45,46,45,46,0.9477026462554932,1,046.Gadwall
318,9015,/content/drive/MyDrive/visual_explanation_robustness/data/raw/CUB_200_2011/images/154.Red_eyed_Vireo/Red_Eyed_Vireo_0032_156897.jpg,153,154,153,154,0.8930290937423706,1,154.Red_eyed_Vireo
319,7808,/content/drive/MyDrive/visual_explanation_robustness/data/raw/CUB_200_2011/images/134.Cape_Glossy_Starling/Cape_Glossy_Starling_0026_129288.jpg,133,134,133,134,0.9182248115539552,1,134.Cape_Glossy_Starling
320,3190,/content/drive/MyDrive/visual_explanation_robustness/data/raw/CUB_200_2011/images/056.Pine_Grosbeak/Pine_Grosbeak_0039_38400.jpg,55,56,55,56,0.8020017743110657,1,056.Pine_Grosbeak
321,10778,/content/drive/MyDrive/visual_explanation_robustness/data/raw/CUB_200_2011/images/183.Northern_Waterthrush/Northern_Waterthrush_0093_177141.jpg,182,183,182,183,0.8296769261360168,1,183.Northern_Waterthrush
322,1021,/content/drive/MyDrive/visual_explanation_robustness/data/raw/CUB_200_2011/images/019.Gray_Catbird/Gray_Catbird_0101_21178.jpg,18,19,18,19,0.5948871374130249,1,019.Gray_Catbird
323,10912,/content/drive/MyDrive/visual_explanation_robustness/data/raw/CUB_200_2011/images/186.Cedar_Waxwing/Cedar_Waxwing_0083_178743.jpg,185,186,185,186,0.9073339104652404,1,186.Cedar_Waxwing
324,1553,/content/drive/MyDrive/visual_explanation_robustness/data/raw/CUB_200_2011/images/028.Brown_Creeper/Brown_Creeper_0085_24938.jpg,27,28,27,28,0.9631255865097046,1,028.Brown_Creeper
325,6733,/content/drive/MyDrive/visual_explanation_robustness/data/raw/CUB_200_2011/images/116.Chipping_Sparrow/Chipping_Sparrow_0089_107535.jpg,115,116,115,116,0.5814813375473022,1,116.Chipping_Sparrow
326,2051,/content/drive/MyDrive/visual_explanation_robustness/data/raw/CUB_200_2011/images/036.Northern_Flicker/Northern_Flicker_0051_28650.jpg,35,36,35,36,0.9549452662467957,1,036.Northern_Flicker
327,5799,/content/drive/MyDrive/visual_explanation_robustness/data/raw/CUB_200_2011/images/099.Ovenbird/Ovenbird_0079_92610.jpg,98,99,98,99,0.7518022656440735,1,099.Ovenbird
328,4514,/content/drive/MyDrive/visual_explanation_robustness/data/raw/CUB_200_2011/images/078.Gray_Kingbird/Gray_Kingbird_0081_70276.jpg,77,78,77,78,0.8996571898460388,1,078.Gray_Kingbird
329,9321,/content/drive/MyDrive/visual_explanation_robustness/data/raw/CUB_200_2011/images/159.Black_and_white_Warbler/Black_And_White_Warbler_0073_160539.jpg,158,159,158,159,0.849023699760437,1,159.Black_and_white_Warbler
330,3882,/content/drive/MyDrive/visual_explanation_robustness/data/raw/CUB_200_2011/images/067.Anna_Hummingbird/Anna_Hummingbird_0117_55785.jpg,66,67,66,67,0.7988050580024719,1,067.Anna_Hummingbird
331,312,/content/drive/MyDrive/visual_explanation_robustness/data/raw/CUB_200_2011/images/006.Least_Auklet/Least_Auklet_0023_1898.jpg,5,6,5,6,0.8685466051101685,1,006.Least_Auklet
332,808,/content/drive/MyDrive/visual_explanation_robustness/data/raw/CUB_200_2011/images/015.Lazuli_Bunting/Lazuli_Bunting_0032_14778.jpg,14,15,14,15,0.917556881904602,1,015.Lazuli_Bunting
333,675,/content/drive/MyDrive/visual_explanation_robustness/data/raw/CUB_200_2011/images/013.Bobolink/Bobolink_0097_10861.jpg,12,13,12,13,0.3505788445472717,1,013.Bobolink
334,4168,/content/drive/MyDrive/visual_explanation_robustness/data/raw/CUB_200_2011/images/072.Pomarine_Jaeger/Pomarine_Jaeger_0021_795776.jpg,71,72,71,72,0.6237748861312866,1,072.Pomarine_Jaeger
335,3453,/content/drive/MyDrive/visual_explanation_robustness/data/raw/CUB_200_2011/images/060.Glaucous_winged_Gull/Glaucous_Winged_Gull_0101_44718.jpg,59,60,59,60,0.7369675636291504,1,060.Glaucous_winged_Gull
336,9611,/content/drive/MyDrive/visual_explanation_robustness/data/raw/CUB_200_2011/images/164.Cerulean_Warbler/Cerulean_Warbler_0007_797215.jpg,163,164,163,164,0.5835715532302856,1,164.Cerulean_Warbler
337,8254,/content/drive/MyDrive/visual_explanation_robustness/data/raw/CUB_200_2011/images/141.Artic_Tern/Artic_Tern_0117_143394.jpg,140,141,140,141,0.370670348405838,1,141.Artic_Tern
338,5299,/content/drive/MyDrive/visual_explanation_robustness/data/raw/CUB_200_2011/images/091.Mockingbird/Mockingbird_0067_79723.jpg,90,91,90,91,0.544731855392456,1,091.Mockingbird
339,2308,/content/drive/MyDrive/visual_explanation_robustness/data/raw/CUB_200_2011/images/041.Scissor_tailed_Flycatcher/Scissor_Tailed_Flycatcher_0100_41796.jpg,40,41,40,41,0.9355130791664124,1,041.Scissor_tailed_Flycatcher
340,1200,/content/drive/MyDrive/visual_explanation_robustness/data/raw/CUB_200_2011/images/022.Chuck_will_Widow/Chuck_Will_Widow_0025_796972.jpg,21,22,21,22,0.3758630454540252,1,022.Chuck_will_Widow
341,5712,/content/drive/MyDrive/visual_explanation_robustness/data/raw/CUB_200_2011/images/098.Scott_Oriole/Scott_Oriole_0065_795819.jpg,97,98,97,98,0.8019288778305054,1,098.Scott_Oriole
342,11457,/content/drive/MyDrive/visual_explanation_robustness/data/raw/CUB_200_2011/images/195.Carolina_Wren/Carolina_Wren_0073_186587.jpg,194,195,194,195,0.8813316226005554,1,195.Carolina_Wren
343,9174,/content/drive/MyDrive/visual_explanation_robustness/data/raw/CUB_200_2011/images/157.Yellow_throated_Vireo/Yellow_Throated_Vireo_0022_795012.jpg,156,157,156,157,0.2971543371677398,1,157.Yellow_throated_Vireo
344,4323,/content/drive/MyDrive/visual_explanation_robustness/data/raw/CUB_200_2011/images/075.Green_Jay/Green_Jay_0126_65716.jpg,74,75,74,75,0.8610506653785706,1,075.Green_Jay
345,969,/content/drive/MyDrive/visual_explanation_robustness/data/raw/CUB_200_2011/images/018.Spotted_Catbird/Spotted_Catbird_0026_796818.jpg,17,18,17,18,0.9373367428779602,1,018.Spotted_Catbird
346,11769,/content/drive/MyDrive/visual_explanation_robustness/data/raw/CUB_200_2011/images/200.Common_Yellowthroat/Common_Yellowthroat_0018_190904.jpg,199,200,199,200,0.3565523624420166,1,200.Common_Yellowthroat
347,10033,/content/drive/MyDrive/visual_explanation_robustness/data/raw/CUB_200_2011/images/171.Myrtle_Warbler/Myrtle_Warbler_0020_166997.jpg,170,171,170,171,0.6009802222251892,1,171.Myrtle_Warbler
348,4924,/content/drive/MyDrive/visual_explanation_robustness/data/raw/CUB_200_2011/images/085.Horned_Lark/Horned_Lark_0141_74396.jpg,84,85,84,85,0.4180286526679992,1,085.Horned_Lark
349,6737,/content/drive/MyDrive/visual_explanation_robustness/data/raw/CUB_200_2011/images/116.Chipping_Sparrow/Chipping_Sparrow_0096_109853.jpg,115,116,115,116,0.8717252016067505,1,116.Chipping_Sparrow
350,6093,/content/drive/MyDrive/visual_explanation_robustness/data/raw/CUB_200_2011/images/104.American_Pipit/American_Pipit_0119_99622.jpg,103,104,103,104,0.1520818471908569,1,104.American_Pipit
351,9868,/content/drive/MyDrive/visual_explanation_robustness/data/raw/CUB_200_2011/images/168.Kentucky_Warbler/Kentucky_Warbler_0082_795869.jpg,167,168,167,168,0.9534943699836732,1,168.Kentucky_Warbler
352,147,/content/drive/MyDrive/visual_explanation_robustness/data/raw/CUB_200_2011/images/003.Sooty_Albatross/Sooty_Albatross_0046_1211.jpg,2,3,2,3,0.873562753200531,1,003.Sooty_Albatross
353,6119,/content/drive/MyDrive/visual_explanation_robustness/data/raw/CUB_200_2011/images/105.Whip_poor_Will/Whip_Poor_Will_0027_796441.jpg,104,105,104,105,0.8965718746185303,1,105.Whip_poor_Will
354,10706,/content/drive/MyDrive/visual_explanation_robustness/data/raw/CUB_200_2011/images/182.Yellow_Warbler/Yellow_Warbler_0026_176337.jpg,181,182,181,182,0.9389862418174744,1,182.Yellow_Warbler
355,2438,/content/drive/MyDrive/visual_explanation_robustness/data/raw/CUB_200_2011/images/043.Yellow_bellied_Flycatcher/Yellow_Bellied_Flycatcher_0053_795493.jpg,42,43,42,43,0.8639447689056396,1,043.Yellow_bellied_Flycatcher
356,5388,/content/drive/MyDrive/visual_explanation_robustness/data/raw/CUB_200_2011/images/093.Clark_Nutcracker/Clark_Nutcracker_0104_85531.jpg,92,93,92,93,0.8698350191116333,1,093.Clark_Nutcracker
357,10293,/content/drive/MyDrive/visual_explanation_robustness/data/raw/CUB_200_2011/images/175.Pine_Warbler/Pine_Warbler_0136_171382.jpg,174,175,174,175,0.8609808683395386,1,175.Pine_Warbler
358,5113,/content/drive/MyDrive/visual_explanation_robustness/data/raw/CUB_200_2011/images/088.Western_Meadowlark/Western_Meadowlark_0107_78608.jpg,87,88,87,88,0.8987974524497986,1,088.Western_Meadowlark
359,4252,/content/drive/MyDrive/visual_explanation_robustness/data/raw/CUB_200_2011/images/073.Blue_Jay/Blue_Jay_0094_62698.jpg,72,73,72,73,0.9452279806137084,1,073.Blue_Jay
360,2358,/content/drive/MyDrive/visual_explanation_robustness/data/raw/CUB_200_2011/images/042.Vermilion_Flycatcher/Vermilion_Flycatcher_0038_42262.jpg,41,42,41,42,0.8878173828125,1,042.Vermilion_Flycatcher
361,7067,/content/drive/MyDrive/visual_explanation_robustness/data/raw/CUB_200_2011/images/121.Grasshopper_Sparrow/Grasshopper_Sparrow_0006_115864.jpg,120,121,120,121,0.8903559446334839,1,121.Grasshopper_Sparrow
362,5115,/content/drive/MyDrive/visual_explanation_robustness/data/raw/CUB_200_2011/images/088.Western_Meadowlark/Western_Meadowlark_0026_78438.jpg,87,88,87,88,0.8637701272964478,1,088.Western_Meadowlark
363,1433,/content/drive/MyDrive/visual_explanation_robustness/data/raw/CUB_200_2011/images/026.Bronzed_Cowbird/Bronzed_Cowbird_0058_796239.jpg,25,26,25,26,0.715548038482666,1,026.Bronzed_Cowbird
364,1102,/content/drive/MyDrive/visual_explanation_robustness/data/raw/CUB_200_2011/images/020.Yellow_breasted_Chat/Yellow_Breasted_Chat_0034_21955.jpg,19,20,19,20,0.7138634324073792,1,020.Yellow_breasted_Chat
365,738,/content/drive/MyDrive/visual_explanation_robustness/data/raw/CUB_200_2011/images/014.Indigo_Bunting/Indigo_Bunting_0015_12632.jpg,13,14,13,14,0.4141776263713836,1,014.Indigo_Bunting
366,6364,/content/drive/MyDrive/visual_explanation_robustness/data/raw/CUB_200_2011/images/109.American_Redstart/American_Redstart_0038_103278.jpg,108,109,108,109,0.8693022727966309,1,109.American_Redstart
367,7874,/content/drive/MyDrive/visual_explanation_robustness/data/raw/CUB_200_2011/images/135.Bank_Swallow/Bank_Swallow_0013_129563.jpg,134,135,134,135,0.9553513526916504,1,135.Bank_Swallow
368,4837,/content/drive/MyDrive/visual_explanation_robustness/data/raw/CUB_200_2011/images/083.White_breasted_Kingfisher/White_Breasted_Kingfisher_0119_73401.jpg,82,83,82,83,0.9599793553352356,1,083.White_breasted_Kingfisher
369,10629,/content/drive/MyDrive/visual_explanation_robustness/data/raw/CUB_200_2011/images/181.Worm_eating_Warbler/Worm_Eating_Warbler_0021_795545.jpg,180,181,180,181,0.9251862168312072,1,181.Worm_eating_Warbler
370,687,/content/drive/MyDrive/visual_explanation_robustness/data/raw/CUB_200_2011/images/013.Bobolink/Bobolink_0110_9496.jpg,12,13,12,13,0.79594886302948,1,013.Bobolink
371,10069,/content/drive/MyDrive/visual_explanation_robustness/data/raw/CUB_200_2011/images/172.Nashville_Warbler/Nashville_Warbler_0015_167429.jpg,171,172,171,172,0.8325285911560059,1,172.Nashville_Warbler
372,5502,/content/drive/MyDrive/visual_explanation_robustness/data/raw/CUB_200_2011/images/094.White_breasted_Nuthatch/White_Breasted_Nuthatch_0103_86470.jpg,93,94,93,94,0.6118943095207214,1,094.White_breasted_Nuthatch
373,6161,/content/drive/MyDrive/visual_explanation_robustness/data/raw/CUB_200_2011/images/106.Horned_Puffin/Horned_Puffin_0054_100915.jpg,105,106,105,106,0.928432822227478,1,106.Horned_Puffin
374,6924,/content/drive/MyDrive/visual_explanation_robustness/data/raw/CUB_200_2011/images/119.Field_Sparrow/Field_Sparrow_0021_113461.jpg,118,119,118,119,0.7998321056365967,1,119.Field_Sparrow
375,3982,/content/drive/MyDrive/visual_explanation_robustness/data/raw/CUB_200_2011/images/069.Rufous_Hummingbird/Rufous_Hummingbird_0052_59581.jpg,68,69,68,69,0.940984845161438,1,069.Rufous_Hummingbird
376,10178,/content/drive/MyDrive/visual_explanation_robustness/data/raw/CUB_200_2011/images/173.Orange_crowned_Warbler/Orange_Crowned_Warbler_0005_168314.jpg,172,173,172,173,0.6935041546821594,1,173.Orange_crowned_Warbler
377,3359,/content/drive/MyDrive/visual_explanation_robustness/data/raw/CUB_200_2011/images/058.Pigeon_Guillemot/Pigeon_Guillemot_0087_39897.jpg,57,58,57,58,0.810107946395874,1,058.Pigeon_Guillemot
378,1481,/content/drive/MyDrive/visual_explanation_robustness/data/raw/CUB_200_2011/images/027.Shiny_Cowbird/Shiny_Cowbird_0059_24421.jpg,26,27,26,27,0.8063452243804932,1,027.Shiny_Cowbird
379,3295,/content/drive/MyDrive/visual_explanation_robustness/data/raw/CUB_200_2011/images/057.Rose_breasted_Grosbeak/Rose_Breasted_Grosbeak_0016_39265.jpg,56,57,56,57,0.9523839950561525,1,057.Rose_breasted_Grosbeak
380,3107,/content/drive/MyDrive/visual_explanation_robustness/data/raw/CUB_200_2011/images/054.Blue_Grosbeak/Blue_Grosbeak_0095_37007.jpg,53,54,53,54,0.8454923629760742,1,054.Blue_Grosbeak
381,11267,/content/drive/MyDrive/visual_explanation_robustness/data/raw/CUB_200_2011/images/192.Downy_Woodpecker/Downy_Woodpecker_0120_183926.jpg,191,192,191,192,0.7975369095802307,1,192.Downy_Woodpecker
382,180,/content/drive/MyDrive/visual_explanation_robustness/data/raw/CUB_200_2011/images/004.Groove_billed_Ani/Groove_Billed_Ani_0094_1540.jpg,3,4,3,4,0.8718302845954895,1,004.Groove_billed_Ani
383,7903,/content/drive/MyDrive/visual_explanation_robustness/data/raw/CUB_200_2011/images/135.Bank_Swallow/Bank_Swallow_0061_129484.jpg,134,135,134,135,0.6950054168701172,1,135.Bank_Swallow
384,10987,/content/drive/MyDrive/visual_explanation_robustness/data/raw/CUB_200_2011/images/187.American_Three_toed_Woodpecker/American_Three_Toed_Woodpecker_0005_179902.jpg,186,187,186,187,0.6606935262680054,1,187.American_Three_toed_Woodpecker
385,1551,/content/drive/MyDrive/visual_explanation_robustness/data/raw/CUB_200_2011/images/028.Brown_Creeper/Brown_Creeper_0065_24464.jpg,27,28,27,28,0.8196565508842468,1,028.Brown_Creeper
386,7266,/content/drive/MyDrive/visual_explanation_robustness/data/raw/CUB_200_2011/images/124.Le_Conte_Sparrow/Le_Conte_Sparrow_0011_117038.jpg,123,124,123,124,0.7193983793258667,1,124.Le_Conte_Sparrow
387,360,/content/drive/MyDrive/visual_explanation_robustness/data/raw/CUB_200_2011/images/007.Parakeet_Auklet/Parakeet_Auklet_0040_795974.jpg,6,7,6,7,0.9895344376564026,1,007.Parakeet_Auklet
388,3808,/content/drive/MyDrive/visual_explanation_robustness/data/raw/CUB_200_2011/images/066.Western_Gull/Western_Gull_0069_53553.jpg,65,66,65,66,0.8239893317222595,1,066.Western_Gull
389,936,/content/drive/MyDrive/visual_explanation_robustness/data/raw/CUB_200_2011/images/017.Cardinal/Cardinal_0018_17071.jpg,16,17,16,17,0.96089506149292,1,017.Cardinal
390,9222,/content/drive/MyDrive/visual_explanation_robustness/data/raw/CUB_200_2011/images/157.Yellow_throated_Vireo/Yellow_Throated_Vireo_0042_159655.jpg,156,157,156,157,0.5290817022323608,1,157.Yellow_throated_Vireo
391,11097,/content/drive/MyDrive/visual_explanation_robustness/data/raw/CUB_200_2011/images/189.Red_bellied_Woodpecker/Red_Bellied_Woodpecker_0039_180814.jpg,188,189,188,189,0.8276642560958862,1,189.Red_bellied_Woodpecker
392,9678,/content/drive/MyDrive/visual_explanation_robustness/data/raw/CUB_200_2011/images/165.Chestnut_sided_Warbler/Chestnut_Sided_Warbler_0068_164184.jpg,164,165,164,165,0.8919193744659424,1,165.Chestnut_sided_Warbler
393,5190,/content/drive/MyDrive/visual_explanation_robustness/data/raw/CUB_200_2011/images/089.Hooded_Merganser/Hooded_Merganser_0062_78998.jpg,88,89,88,89,0.9019360542297364,1,089.Hooded_Merganser
394,6658,/content/drive/MyDrive/visual_explanation_robustness/data/raw/CUB_200_2011/images/114.Black_throated_Sparrow/Black_Throated_Sparrow_0002_106962.jpg,113,114,113,114,0.8314924240112305,1,114.Black_throated_Sparrow
395,10389,/content/drive/MyDrive/visual_explanation_robustness/data/raw/CUB_200_2011/images/177.Prothonotary_Warbler/Prothonotary_Warbler_0071_173690.jpg,176,177,176,177,0.8843523263931274,1,177.Prothonotary_Warbler
396,10276,/content/drive/MyDrive/visual_explanation_robustness/data/raw/CUB_200_2011/images/175.Pine_Warbler/Pine_Warbler_0097_171671.jpg,174,175,174,175,0.9146714210510254,1,175.Pine_Warbler
397,8137,/content/drive/MyDrive/visual_explanation_robustness/data/raw/CUB_200_2011/images/139.Scarlet_Tanager/Scarlet_Tanager_0054_138210.jpg,138,139,138,139,0.9564256072044371,1,139.Scarlet_Tanager
398,5664,/content/drive/MyDrive/visual_explanation_robustness/data/raw/CUB_200_2011/images/097.Orchard_Oriole/Orchard_Oriole_0106_91830.jpg,96,97,96,97,0.8114427924156189,1,097.Orchard_Oriole
399,4943,/content/drive/MyDrive/visual_explanation_robustness/data/raw/CUB_200_2011/images/085.Horned_Lark/Horned_Lark_0019_73996.jpg,84,85,84,85,0.7709070444107056,1,085.Horned_Lark
400,5028,/content/drive/MyDrive/visual_explanation_robustness/data/raw/CUB_200_2011/images/087.Mallard/Mallard_0044_76317.jpg,86,87,86,87,0.9764194488525392,1,087.Mallard
401,7092,/content/drive/MyDrive/visual_explanation_robustness/data/raw/CUB_200_2011/images/122.Harris_Sparrow/Harris_Sparrow_0087_116490.jpg,121,122,121,122,0.9326260685920716,1,122.Harris_Sparrow
402,10891,/content/drive/MyDrive/visual_explanation_robustness/data/raw/CUB_200_2011/images/185.Bohemian_Waxwing/Bohemian_Waxwing_0056_796645.jpg,184,185,184,185,0.246117278933525,1,185.Bohemian_Waxwing
403,6001,/content/drive/MyDrive/visual_explanation_robustness/data/raw/CUB_200_2011/images/103.Sayornis/Sayornis_0079_98434.jpg,102,103,102,103,0.8117291331291199,1,103.Sayornis
404,11541,/content/drive/MyDrive/visual_explanation_robustness/data/raw/CUB_200_2011/images/196.House_Wren/House_Wren_0017_187330.jpg,195,196,195,196,0.7659799456596375,1,196.House_Wren
405,11486,/content/drive/MyDrive/visual_explanation_robustness/data/raw/CUB_200_2011/images/195.Carolina_Wren/Carolina_Wren_0006_186742.jpg,194,195,194,195,0.8271791934967041,1,195.Carolina_Wren
406,7271,/content/drive/MyDrive/visual_explanation_robustness/data/raw/CUB_200_2011/images/125.Lincoln_Sparrow/Lincoln_Sparrow_0010_117263.jpg,124,125,124,125,0.9028651118278505,1,125.Lincoln_Sparrow
407,8488,/content/drive/MyDrive/visual_explanation_robustness/data/raw/CUB_200_2011/images/145.Elegant_Tern/Elegant_Tern_0072_150911.jpg,144,145,144,145,0.2337636351585388,1,145.Elegant_Tern
408,6420,/content/drive/MyDrive/visual_explanation_robustness/data/raw/CUB_200_2011/images/110.Geococcyx/Geococcyx_0062_104743.jpg,109,110,109,110,0.9068413376808168,1,110.Geococcyx
409,4825,/content/drive/MyDrive/visual_explanation_robustness/data/raw/CUB_200_2011/images/083.White_breasted_Kingfisher/White_Breasted_Kingfisher_0045_73600.jpg,82,83,82,83,0.7757570147514343,1,083.White_breasted_Kingfisher
410,3935,/content/drive/MyDrive/visual_explanation_robustness/data/raw/CUB_200_2011/images/068.Ruby_throated_Hummingbird/Ruby_Throated_Hummingbird_0076_57649.jpg,67,68,67,68,0.7603229284286499,1,068.Ruby_throated_Hummingbird
411,1014,/content/drive/MyDrive/visual_explanation_robustness/data/raw/CUB_200_2011/images/019.Gray_Catbird/Gray_Catbird_0075_21125.jpg,18,19,18,19,0.8022661805152893,1,019.Gray_Catbird
412,5188,/content/drive/MyDrive/visual_explanation_robustness/data/raw/CUB_200_2011/images/089.Hooded_Merganser/Hooded_Merganser_0092_78989.jpg,88,89,88,89,0.8900905847549438,1,089.Hooded_Merganser
413,9688,/content/drive/MyDrive/visual_explanation_robustness/data/raw/CUB_200_2011/images/165.Chestnut_sided_Warbler/Chestnut_Sided_Warbler_0052_163728.jpg,164,165,164,165,0.7866494059562683,1,165.Chestnut_sided_Warbler
414,4598,/content/drive/MyDrive/visual_explanation_robustness/data/raw/CUB_200_2011/images/079.Belted_Kingfisher/Belted_Kingfisher_0093_70360.jpg,78,79,78,79,0.8815760016441345,1,079.Belted_Kingfisher
415,7488,/content/drive/MyDrive/visual_explanation_robustness/data/raw/CUB_200_2011/images/128.Seaside_Sparrow/Seaside_Sparrow_0007_120690.jpg,127,128,127,128,0.6717240214347839,1,128.Seaside_Sparrow
416,6158,/content/drive/MyDrive/visual_explanation_robustness/data/raw/CUB_200_2011/images/106.Horned_Puffin/Horned_Puffin_0083_100649.jpg,105,106,105,106,0.8793280720710754,1,106.Horned_Puffin
417,2607,/content/drive/MyDrive/visual_explanation_robustness/data/raw/CUB_200_2011/images/046.Gadwall/Gadwall_0087_31821.jpg,45,46,45,46,0.9510039687156676,1,046.Gadwall
418,1257,/content/drive/MyDrive/visual_explanation_robustness/data/raw/CUB_200_2011/images/023.Brandt_Cormorant/Brandt_Cormorant_0028_22892.jpg,22,23,22,23,0.9252588748931884,1,023.Brandt_Cormorant
419,9419,/content/drive/MyDrive/visual_explanation_robustness/data/raw/CUB_200_2011/images/161.Blue_winged_Warbler/Blue_Winged_Warbler_0013_161816.jpg,160,161,160,161,0.877518355846405,1,161.Blue_winged_Warbler
420,33,/content/drive/MyDrive/visual_explanation_robustness/data/raw/CUB_200_2011/images/001.Black_footed_Albatross/Black_Footed_Albatross_0064_796101.jpg,0,1,0,1,0.221746876835823,1,001.Black_footed_Albatross
421,10547,/content/drive/MyDrive/visual_explanation_robustness/data/raw/CUB_200_2011/images/180.Wilson_Warbler/Wilson_Warbler_0127_175637.jpg,179,180,179,180,0.763818085193634,1,180.Wilson_Warbler
422,11417,/content/drive/MyDrive/visual_explanation_robustness/data/raw/CUB_200_2011/images/194.Cactus_Wren/Cactus_Wren_0004_185797.jpg,193,194,193,194,0.9851561784744264,1,194.Cactus_Wren
423,1161,/content/drive/MyDrive/visual_explanation_robustness/data/raw/CUB_200_2011/images/021.Eastern_Towhee/Eastern_Towhee_0115_22304.jpg,20,21,20,21,0.414052277803421,1,021.Eastern_Towhee
424,10047,/content/drive/MyDrive/visual_explanation_robustness/data/raw/CUB_200_2011/images/171.Myrtle_Warbler/Myrtle_Warbler_0028_166905.jpg,170,171,170,171,0.8492873907089233,1,171.Myrtle_Warbler
425,1939,/content/drive/MyDrive/visual_explanation_robustness/data/raw/CUB_200_2011/images/035.Purple_Finch/Purple_Finch_0021_28235.jpg,34,35,34,35,0.8480362296104431,1,035.Purple_Finch
426,4919,/content/drive/MyDrive/visual_explanation_robustness/data/raw/CUB_200_2011/images/085.Horned_Lark/Horned_Lark_0004_73861.jpg,84,85,84,85,0.8254991769790649,1,085.Horned_Lark
427,787,/content/drive/MyDrive/visual_explanation_robustness/data/raw/CUB_200_2011/images/015.Lazuli_Bunting/Lazuli_Bunting_0085_14627.jpg,14,15,14,15,0.9232592582702636,1,015.Lazuli_Bunting
428,6314,/content/drive/MyDrive/visual_explanation_robustness/data/raw/CUB_200_2011/images/108.White_necked_Raven/White_Necked_Raven_0040_797386.jpg,107,108,107,108,0.7716169357299805,1,108.White_necked_Raven
429,10201,/content/drive/MyDrive/visual_explanation_robustness/data/raw/CUB_200_2011/images/174.Palm_Warbler/Palm_Warbler_0106_169571.jpg,173,174,173,174,0.714716911315918,1,174.Palm_Warbler
430,8923,/content/drive/MyDrive/visual_explanation_robustness/data/raw/CUB_200_2011/images/152.Blue_headed_Vireo/Blue_Headed_Vireo_0079_156086.jpg,151,152,151,152,0.6633179783821106,1,152.Blue_headed_Vireo
431,2179,/content/drive/MyDrive/visual_explanation_robustness/data/raw/CUB_200_2011/images/039.Least_Flycatcher/Least_Flycatcher_0079_30256.jpg,38,39,38,39,0.7236437201499939,1,039.Least_Flycatcher
432,8197,/content/drive/MyDrive/visual_explanation_robustness/data/raw/CUB_200_2011/images/140.Summer_Tanager/Summer_Tanager_0073_139379.jpg,139,140,139,140,0.8259314894676208,1,140.Summer_Tanager
433,11207,/content/drive/MyDrive/visual_explanation_robustness/data/raw/CUB_200_2011/images/191.Red_headed_Woodpecker/Red_Headed_Woodpecker_0065_182863.jpg,190,191,190,191,0.8040353059768677,1,191.Red_headed_Woodpecker
434,1215,/content/drive/MyDrive/visual_explanation_robustness/data/raw/CUB_200_2011/images/022.Chuck_will_Widow/Chuck_Will_Widow_0014_796987.jpg,21,22,21,22,0.9678597450256348,1,022.Chuck_will_Widow
435,8382,/content/drive/MyDrive/visual_explanation_robustness/data/raw/CUB_200_2011/images/143.Caspian_Tern/Caspian_Tern_0012_147632.jpg,142,143,142,143,0.8762341141700745,1,143.Caspian_Tern
436,6263,/content/drive/MyDrive/visual_explanation_robustness/data/raw/CUB_200_2011/images/108.White_necked_Raven/White_Necked_Raven_0047_102660.jpg,107,108,107,108,0.8819557428359985,1,108.White_necked_Raven
437,5789,/content/drive/MyDrive/visual_explanation_robustness/data/raw/CUB_200_2011/images/099.Ovenbird/Ovenbird_0058_93078.jpg,98,99,98,99,0.791769802570343,1,099.Ovenbird
438,308,/content/drive/MyDrive/visual_explanation_robustness/data/raw/CUB_200_2011/images/006.Least_Auklet/Least_Auklet_0055_795106.jpg,5,6,5,6,0.8597438931465149,1,006.Least_Auklet
439,7672,/content/drive/MyDrive/visual_explanation_robustness/data/raw/CUB_200_2011/images/131.Vesper_Sparrow/Vesper_Sparrow_0031_125631.jpg,130,131,130,131,0.9152798056602478,1,131.Vesper_Sparrow
440,2146,/content/drive/MyDrive/visual_explanation_robustness/data/raw/CUB_200_2011/images/038.Great_Crested_Flycatcher/Great_Crested_Flycatcher_0042_29438.jpg,37,38,37,38,0.2344831079244613,1,038.Great_Crested_Flycatcher
441,9352,/content/drive/MyDrive/visual_explanation_robustness/data/raw/CUB_200_2011/images/160.Black_throated_Blue_Warbler/Black_Throated_Blue_Warbler_0129_161399.jpg,159,160,159,160,0.637019693851471,1,160.Black_throated_Blue_Warbler
442,6550,/content/drive/MyDrive/visual_explanation_robustness/data/raw/CUB_200_2011/images/112.Great_Grey_Shrike/Great_Grey_Shrike_0012_106661.jpg,111,112,111,112,0.8190100193023682,1,112.Great_Grey_Shrike
443,4046,/content/drive/MyDrive/visual_explanation_robustness/data/raw/CUB_200_2011/images/070.Green_Violetear/Green_Violetear_0074_795720.jpg,69,70,69,70,0.9439215064048768,1,070.Green_Violetear
444,7971,/content/drive/MyDrive/visual_explanation_robustness/data/raw/CUB_200_2011/images/136.Barn_Swallow/Barn_Swallow_0007_131030.jpg,135,136,135,136,0.7375060319900513,1,136.Barn_Swallow
445,11611,/content/drive/MyDrive/visual_explanation_robustness/data/raw/CUB_200_2011/images/198.Rock_Wren/Rock_Wren_0034_187656.jpg,197,198,197,198,0.5224744081497192,1,198.Rock_Wren
446,3226,/content/drive/MyDrive/visual_explanation_robustness/data/raw/CUB_200_2011/images/056.Pine_Grosbeak/Pine_Grosbeak_0055_38730.jpg,55,56,55,56,0.4490019381046295,1,056.Pine_Grosbeak
447,7428,/content/drive/MyDrive/visual_explanation_robustness/data/raw/CUB_200_2011/images/127.Savannah_Sparrow/Savannah_Sparrow_0135_119620.jpg,126,127,126,127,0.4629642367362976,1,127.Savannah_Sparrow
448,11327,/content/drive/MyDrive/visual_explanation_robustness/data/raw/CUB_200_2011/images/193.Bewick_Wren/Bewick_Wren_0066_184928.jpg,192,193,192,193,0.3917348384857178,1,193.Bewick_Wren
449,7693,/content/drive/MyDrive/visual_explanation_robustness/data/raw/CUB_200_2011/images/132.White_crowned_Sparrow/White_Crowned_Sparrow_0098_127019.jpg,131,132,131,132,0.8466689586639404,1,132.White_crowned_Sparrow
450,5759,/content/drive/MyDrive/visual_explanation_robustness/data/raw/CUB_200_2011/images/099.Ovenbird/Ovenbird_0044_92828.jpg,98,99,98,99,0.8875296711921692,1,099.Ovenbird
451,1249,/content/drive/MyDrive/visual_explanation_robustness/data/raw/CUB_200_2011/images/023.Brandt_Cormorant/Brandt_Cormorant_0079_22874.jpg,22,23,22,23,0.9375752806663512,1,023.Brandt_Cormorant
452,8776,/content/drive/MyDrive/visual_explanation_robustness/data/raw/CUB_200_2011/images/150.Sage_Thrasher/Sage_Thrasher_0029_796459.jpg,149,150,149,150,0.8305864930152893,1,150.Sage_Thrasher
453,1136,/content/drive/MyDrive/visual_explanation_robustness/data/raw/CUB_200_2011/images/021.Eastern_Towhee/Eastern_Towhee_0017_22138.jpg,20,21,20,21,0.9585303664207458,1,021.Eastern_Towhee
454,10882,/content/drive/MyDrive/visual_explanation_robustness/data/raw/CUB_200_2011/images/185.Bohemian_Waxwing/Bohemian_Waxwing_0050_796630.jpg,184,185,184,185,0.7994614839553833,1,185.Bohemian_Waxwing
455,4274,/content/drive/MyDrive/visual_explanation_robustness/data/raw/CUB_200_2011/images/074.Florida_Jay/Florida_Jay_0083_64599.jpg,73,74,73,74,0.8213074207305908,1,074.Florida_Jay
456,10653,/content/drive/MyDrive/visual_explanation_robustness/data/raw/CUB_200_2011/images/181.Worm_eating_Warbler/Worm_Eating_Warbler_0031_176075.jpg,180,181,180,181,0.9447664618492126,1,181.Worm_eating_Warbler
457,4591,/content/drive/MyDrive/visual_explanation_robustness/data/raw/CUB_200_2011/images/079.Belted_Kingfisher/Belted_Kingfisher_0071_70584.jpg,78,79,78,79,0.9008801579475404,1,079.Belted_Kingfisher
458,11713,/content/drive/MyDrive/visual_explanation_robustness/data/raw/CUB_200_2011/images/199.Winter_Wren/Winter_Wren_0071_189689.jpg,198,199,198,199,0.9534345269203186,1,199.Winter_Wren
459,4500,/content/drive/MyDrive/visual_explanation_robustness/data/raw/CUB_200_2011/images/078.Gray_Kingbird/Gray_Kingbird_0084_70171.jpg,77,78,77,78,0.8317064046859741,1,078.Gray_Kingbird
460,4141,/content/drive/MyDrive/visual_explanation_robustness/data/raw/CUB_200_2011/images/072.Pomarine_Jaeger/Pomarine_Jaeger_0034_61247.jpg,71,72,71,72,0.7044866681098938,1,072.Pomarine_Jaeger
461,1345,/content/drive/MyDrive/visual_explanation_robustness/data/raw/CUB_200_2011/images/025.Pelagic_Cormorant/Pelagic_Cormorant_0009_23561.jpg,24,25,24,25,0.8489080667495728,1,025.Pelagic_Cormorant
462,1127,/content/drive/MyDrive/visual_explanation_robustness/data/raw/CUB_200_2011/images/021.Eastern_Towhee/Eastern_Towhee_0095_22594.jpg,20,21,20,21,0.6857884526252747,1,021.Eastern_Towhee
463,8296,/content/drive/MyDrive/visual_explanation_robustness/data/raw/CUB_200_2011/images/142.Black_Tern/Black_Tern_0096_143917.jpg,141,142,141,142,0.4784965813159942,1,142.Black_Tern
464,5608,/content/drive/MyDrive/visual_explanation_robustness/data/raw/CUB_200_2011/images/096.Hooded_Oriole/Hooded_Oriole_0029_90485.jpg,95,96,95,96,0.9138261675834656,1,096.Hooded_Oriole
465,5983,/content/drive/MyDrive/visual_explanation_robustness/data/raw/CUB_200_2011/images/103.Sayornis/Sayornis_0134_98339.jpg,102,103,102,103,0.5652568936347961,1,103.Sayornis
466,517,/content/drive/MyDrive/visual_explanation_robustness/data/raw/CUB_200_2011/images/010.Red_winged_Blackbird/Red_Winged_Blackbird_0027_4123.jpg,9,10,9,10,0.7798009514808655,1,010.Red_winged_Blackbird
467,7588,/content/drive/MyDrive/visual_explanation_robustness/data/raw/CUB_200_2011/images/130.Tree_Sparrow/Tree_Sparrow_0043_124034.jpg,129,130,129,130,0.7381168007850647,1,130.Tree_Sparrow
468,10910,/content/drive/MyDrive/visual_explanation_robustness/data/raw/CUB_200_2011/images/186.Cedar_Waxwing/Cedar_Waxwing_0033_178737.jpg,185,186,185,186,0.6655235290527344,1,186.Cedar_Waxwing
469,3944,/content/drive/MyDrive/visual_explanation_robustness/data/raw/CUB_200_2011/images/068.Ruby_throated_Hummingbird/Ruby_Throated_Hummingbird_0025_57835.jpg,67,68,67,68,0.90571790933609,1,068.Ruby_throated_Hummingbird
470,6602,/content/drive/MyDrive/visual_explanation_robustness/data/raw/CUB_200_2011/images/113.Baird_Sparrow/Baird_Sparrow_0013_794587.jpg,112,113,112,113,0.4681709706783294,1,113.Baird_Sparrow
471,10584,/content/drive/MyDrive/visual_explanation_robustness/data/raw/CUB_200_2011/images/180.Wilson_Warbler/Wilson_Warbler_0029_175417.jpg,179,180,179,180,0.9124165177345276,1,180.Wilson_Warbler
472,4633,/content/drive/MyDrive/visual_explanation_robustness/data/raw/CUB_200_2011/images/080.Green_Kingfisher/Green_Kingfisher_0057_71096.jpg,79,80,79,80,0.9395765662193298,1,080.Green_Kingfisher
473,9341,/content/drive/MyDrive/visual_explanation_robustness/data/raw/CUB_200_2011/images/159.Black_and_white_Warbler/Black_And_White_Warbler_0076_160173.jpg,158,159,158,159,0.3816723823547363,1,159.Black_and_white_Warbler
474,7087,/content/drive/MyDrive/visual_explanation_robustness/data/raw/CUB_200_2011/images/121.Grasshopper_Sparrow/Grasshopper_Sparrow_0101_116094.jpg,120,121,120,121,0.7601979374885559,1,121.Grasshopper_Sparrow
475,9932,/content/drive/MyDrive/visual_explanation_robustness/data/raw/CUB_200_2011/images/169.Magnolia_Warbler/Magnolia_Warbler_0020_166211.jpg,168,169,168,169,0.7544723749160767,1,169.Magnolia_Warbler
476,8318,/content/drive/MyDrive/visual_explanation_robustness/data/raw/CUB_200_2011/images/142.Black_Tern/Black_Tern_0070_144292.jpg,141,142,141,142,0.9526272416114808,1,142.Black_Tern
477,6105,/content/drive/MyDrive/visual_explanation_robustness/data/raw/CUB_200_2011/images/105.Whip_poor_Will/Whip_Poor_Will_0021_796426.jpg,104,105,104,105,0.8694503903388977,1,105.Whip_poor_Will
478,7492,/content/drive/MyDrive/visual_explanation_robustness/data/raw/CUB_200_2011/images/128.Seaside_Sparrow/Seaside_Sparrow_0032_120767.jpg,127,128,127,128,0.109829656779766,1,128.Seaside_Sparrow
479,3662,/content/drive/MyDrive/visual_explanation_robustness/data/raw/CUB_200_2011/images/063.Ivory_Gull/Ivory_Gull_0023_49385.jpg,62,63,62,63,0.864733874797821,1,063.Ivory_Gull
480,3151,/content/drive/MyDrive/visual_explanation_robustness/data/raw/CUB_200_2011/images/055.Evening_Grosbeak/Evening_Grosbeak_0007_37312.jpg,54,55,54,55,0.8792186975479126,1,055.Evening_Grosbeak
481,3636,/content/drive/MyDrive/visual_explanation_robustness/data/raw/CUB_200_2011/images/063.Ivory_Gull/Ivory_Gull_0050_49245.jpg,62,63,62,63,0.7715716361999512,1,063.Ivory_Gull
482,8727,/content/drive/MyDrive/visual_explanation_robustness/data/raw/CUB_200_2011/images/149.Brown_Thrasher/Brown_Thrasher_0065_155229.jpg,148,149,148,149,0.5068687796592712,1,149.Brown_Thrasher
483,2436,/content/drive/MyDrive/visual_explanation_robustness/data/raw/CUB_200_2011/images/043.Yellow_bellied_Flycatcher/Yellow_Bellied_Flycatcher_0017_795490.jpg,42,43,42,43,0.8947498202323914,1,043.Yellow_bellied_Flycatcher
484,9034,/content/drive/MyDrive/visual_explanation_robustness/data/raw/CUB_200_2011/images/154.Red_eyed_Vireo/Red_Eyed_Vireo_0065_157019.jpg,153,154,153,154,0.5483061671257019,1,154.Red_eyed_Vireo
485,2092,/content/drive/MyDrive/visual_explanation_robustness/data/raw/CUB_200_2011/images/037.Acadian_Flycatcher/Acadian_Flycatcher_0060_795604.jpg,36,37,36,37,0.5146615505218506,1,037.Acadian_Flycatcher
486,10887,/content/drive/MyDrive/visual_explanation_robustness/data/raw/CUB_200_2011/images/185.Bohemian_Waxwing/Bohemian_Waxwing_0041_177630.jpg,184,185,184,185,0.871843695640564,1,185.Bohemian_Waxwing
487,8037,/content/drive/MyDrive/visual_explanation_robustness/data/raw/CUB_200_2011/images/137.Cliff_Swallow/Cliff_Swallow_0041_134111.jpg,136,137,136,137,0.2541921138763428,1,137.Cliff_Swallow
488,5134,/content/drive/MyDrive/visual_explanation_robustness/data/raw/CUB_200_2011/images/088.Western_Meadowlark/Western_Meadowlark_0064_78027.jpg,87,88,87,88,0.8904780745506287,1,088.Western_Meadowlark
489,11068,/content/drive/MyDrive/visual_explanation_robustness/data/raw/CUB_200_2011/images/188.Pileated_Woodpecker/Pileated_Woodpecker_0027_179956.jpg,187,188,187,188,0.8324085474014282,1,188.Pileated_Woodpecker
490,2992,/content/drive/MyDrive/visual_explanation_robustness/data/raw/CUB_200_2011/images/052.Pied_billed_Grebe/Pied_Billed_Grebe_0030_35498.jpg,51,52,51,52,0.9386236071586608,1,052.Pied_billed_Grebe
491,11729,/content/drive/MyDrive/visual_explanation_robustness/data/raw/CUB_200_2011/images/200.Common_Yellowthroat/Common_Yellowthroat_0020_190720.jpg,199,200,199,200,0.6156154274940491,1,200.Common_Yellowthroat
492,526,/content/drive/MyDrive/visual_explanation_robustness/data/raw/CUB_200_2011/images/010.Red_winged_Blackbird/Red_Winged_Blackbird_0039_4285.jpg,9,10,9,10,0.5002129077911377,1,010.Red_winged_Blackbird
493,4545,/content/drive/MyDrive/visual_explanation_robustness/data/raw/CUB_200_2011/images/078.Gray_Kingbird/Gray_Kingbird_0005_70103.jpg,77,78,77,78,0.2161614596843719,1,078.Gray_Kingbird
494,1702,/content/drive/MyDrive/visual_explanation_robustness/data/raw/CUB_200_2011/images/031.Black_billed_Cuckoo/Black_Billed_Cuckoo_0071_26288.jpg,30,31,30,31,0.5853736996650696,1,031.Black_billed_Cuckoo
495,2648,/content/drive/MyDrive/visual_explanation_robustness/data/raw/CUB_200_2011/images/046.Gadwall/Gadwall_0027_30966.jpg,45,46,45,46,0.9581702351570128,1,046.Gadwall
496,6400,/content/drive/MyDrive/visual_explanation_robustness/data/raw/CUB_200_2011/images/110.Geococcyx/Geococcyx_0056_104142.jpg,109,110,109,110,0.8809804916381836,1,110.Geococcyx
497,8414,/content/drive/MyDrive/visual_explanation_robustness/data/raw/CUB_200_2011/images/144.Common_Tern/Common_Tern_0045_150067.jpg,143,144,143,144,0.4084627330303192,1,144.Common_Tern
498,10396,/content/drive/MyDrive/visual_explanation_robustness/data/raw/CUB_200_2011/images/177.Prothonotary_Warbler/Prothonotary_Warbler_0057_173865.jpg,176,177,176,177,0.937455415725708,1,177.Prothonotary_Warbler
499,2505,/content/drive/MyDrive/visual_explanation_robustness/data/raw/CUB_200_2011/images/044.Frigatebird/Frigatebird_0081_42779.jpg,43,44,43,44,0.9483652114868164,1,044.Frigatebird
